itrial,dataset,method,coverage,width,L2_lambda
0,wine,IF1-jackknife,0.665,1.7403207554941056,0.5
0,wine,IF1-jackknife-mm,0.72,1.918736798470805,0.5
0,wine,IF1-jackknife+,0.675,1.7403207554941056,0.5
0,wine,IF1-JAWA,0.675,1.7537203178057532,0.5
0,wine,IF1-JAWAmm,0.705,1.8941013263703432,0.5
0,wine,IF2-jackknife,0.695,1.9076230295629162,0.5
0,wine,IF2-jackknife-mm,0.775,2.150358734993388,0.5
0,wine,IF2-jackknife+,0.715,1.9283113730040315,0.5
0,wine,IF2-JAWA,0.715,1.9403414013776779,0.5
0,wine,IF2-JAWAmm,0.775,2.1484791504681895,0.5
0,wine,IF3-jackknife,0.73,2.0039265560998443,0.5
0,wine,IF3-jackknife-mm,0.785,2.2807873562475702,0.5
0,wine,IF3-jackknife+,0.74,2.014713891139201,0.5
0,wine,IF3-JAWA,0.745,2.0281964918891564,0.5
0,wine,IF3-JAWAmm,0.785,2.258883197110843,0.5
0,wine,IF1-jackknife,0.715,1.9122619261441667,1.0
0,wine,IF1-jackknife-mm,0.76,2.0806208161947914,1.0
0,wine,IF1-jackknife+,0.71,1.9135257726951669,1.0
0,wine,IF1-JAWA,0.72,1.9227917851474412,1.0
0,wine,IF1-JAWAmm,0.76,2.073954404315033,1.0
0,wine,IF2-jackknife,0.75,2.0850209606142873,1.0
0,wine,IF2-jackknife-mm,0.8,2.3082869965489365,1.0
0,wine,IF2-jackknife+,0.75,2.078502501257999,1.0
0,wine,IF2-JAWA,0.755,2.086956567525097,1.0
0,wine,IF2-JAWAmm,0.8,2.3000851139579757,1.0
0,wine,IF3-jackknife,0.77,2.157913283757024,1.0
0,wine,IF3-jackknife-mm,0.815,2.4041961303993857,1.0
0,wine,IF3-jackknife+,0.775,2.160009778364941,1.0
0,wine,IF3-JAWA,0.78,2.1694346624990617,1.0
0,wine,IF3-JAWAmm,0.815,2.400469829106737,1.0
0,wine,IF1-jackknife,0.775,2.124115359430037,2.0
0,wine,IF1-jackknife-mm,0.815,2.2712811796552073,2.0
0,wine,IF1-jackknife+,0.775,2.1150074072594593,2.0
0,wine,IF1-JAWA,0.775,2.1230159134631155,2.0
0,wine,IF1-JAWAmm,0.815,2.267325409058434,2.0
0,wine,IF2-jackknife,0.79,2.1820057894089486,2.0
0,wine,IF2-jackknife-mm,0.83,2.373983336283015,2.0
0,wine,IF2-jackknife+,0.79,2.18930483060309,2.0
0,wine,IF2-JAWA,0.79,2.2067083530176728,2.0
0,wine,IF2-JAWAmm,0.825,2.3464839329163034,2.0
0,wine,IF3-jackknife,0.8,2.20863770293001,2.0
0,wine,IF3-jackknife-mm,0.83,2.413759754270072,2.0
0,wine,IF3-jackknife+,0.795,2.212616178660978,2.0
0,wine,IF3-JAWA,0.795,2.227621610766828,2.0
0,wine,IF3-JAWAmm,0.83,2.376452877310158,2.0
0,wine,IF1-jackknife,0.86,2.4143783120550677,4.0
0,wine,IF1-jackknife-mm,0.865,2.5472076761015963,4.0
0,wine,IF1-jackknife+,0.865,2.404995649092954,4.0
0,wine,IF1-JAWA,0.865,2.4143783120550677,4.0
0,wine,IF1-JAWAmm,0.865,2.517497104545286,4.0
0,wine,IF2-jackknife,0.865,2.4944473426388454,4.0
0,wine,IF2-jackknife-mm,0.885,2.6629709657317147,4.0
0,wine,IF2-jackknife+,0.865,2.515411703556964,4.0
0,wine,IF2-JAWA,0.865,2.531743136214235,4.0
0,wine,IF2-JAWAmm,0.885,2.657195033657445,4.0
0,wine,IF3-jackknife,0.865,2.51418125582568,4.0
0,wine,IF3-jackknife-mm,0.89,2.694753074167111,4.0
0,wine,IF3-jackknife+,0.87,2.5523774048252137,4.0
0,wine,IF3-JAWA,0.875,2.582778220708793,4.0
0,wine,IF3-JAWAmm,0.885,2.684038527759162,4.0
0,wine,IF1-jackknife,0.895,2.6016055834822542,8.0
0,wine,IF1-jackknife-mm,0.91,2.712544916274533,8.0
0,wine,IF1-jackknife+,0.905,2.610381829968629,8.0
0,wine,IF1-JAWA,0.905,2.6234735731321948,8.0
0,wine,IF1-JAWAmm,0.91,2.7035575703762285,8.0
0,wine,IF2-jackknife,0.905,2.6566535573274113,8.0
0,wine,IF2-jackknife-mm,0.915,2.7824833187653004,8.0
0,wine,IF2-jackknife+,0.905,2.657240498004928,8.0
0,wine,IF2-JAWA,0.905,2.6809541717471896,8.0
0,wine,IF2-JAWAmm,0.915,2.7779463816782792,8.0
0,wine,IF3-jackknife,0.91,2.6725077295402517,8.0
0,wine,IF3-jackknife-mm,0.92,2.8051638866586153,8.0
0,wine,IF3-jackknife+,0.91,2.6725077295402517,8.0
0,wine,IF3-JAWA,0.91,2.697930120493244,8.0
0,wine,IF3-JAWAmm,0.92,2.7860673975440364,8.0
0,wine,IF1-jackknife,0.9,2.688467820599508,16.0
0,wine,IF1-jackknife-mm,0.93,2.801452598208998,16.0
0,wine,IF1-jackknife+,0.905,2.7010238197795937,16.0
0,wine,IF1-JAWA,0.905,2.718448291284761,16.0
0,wine,IF1-JAWAmm,0.93,2.7989752837763238,16.0
0,wine,IF2-jackknife,0.915,2.7329495203198073,16.0
0,wine,IF2-jackknife-mm,0.965,3.7670452597674315,16.0
0,wine,IF2-jackknife+,0.905,2.731067718793835,16.0
0,wine,IF2-JAWA,0.91,2.753385808870813,16.0
0,wine,IF2-JAWAmm,0.965,3.7278249226924105,16.0
0,wine,IF3-jackknife,0.95,2.9153137694820535,16.0
0,wine,IF3-jackknife-mm,0.97,15.187924113108489,16.0
0,wine,IF3-jackknife+,0.925,2.8168786092398563,16.0
0,wine,IF3-JAWA,0.925,2.8340797371092727,16.0
0,wine,IF3-JAWAmm,0.965,15.138232908296848,16.0
0,wine,IF1-jackknife,0.92,2.7791843662979097,32.0
0,wine,IF1-jackknife-mm,0.925,2.861650827832268,32.0
0,wine,IF1-jackknife+,0.915,2.764828318671931,32.0
0,wine,IF1-JAWA,0.915,2.7748791883311155,32.0
0,wine,IF1-JAWAmm,0.925,2.8270479116528087,32.0
0,wine,IF2-jackknife,0.92,2.7814417884434564,32.0
0,wine,IF2-jackknife-mm,0.93,2.872454350044543,32.0
0,wine,IF2-jackknife+,0.915,2.7814417884434564,32.0
0,wine,IF2-JAWA,0.915,2.7814417884434564,32.0
0,wine,IF2-JAWAmm,0.93,2.872454350044543,32.0
0,wine,IF3-jackknife,0.92,2.781495554281248,32.0
0,wine,IF3-jackknife-mm,0.93,2.874014067350963,32.0
0,wine,IF3-jackknife+,0.915,2.781495554281248,32.0
0,wine,IF3-JAWA,0.915,2.781909456380821,32.0
0,wine,IF3-JAWAmm,0.93,2.874014067350963,32.0
0,wine,IF1-jackknife,0.915,2.803586956404194,64.0
0,wine,IF1-jackknife-mm,0.92,2.8671762542234434,64.0
0,wine,IF1-jackknife+,0.915,2.803586956404194,64.0
0,wine,IF1-JAWA,0.915,2.8146980561950894,64.0
0,wine,IF1-JAWAmm,0.915,2.8324210401202845,64.0
0,wine,IF2-jackknife,0.915,2.8063340453014645,64.0
0,wine,IF2-jackknife-mm,0.92,2.874242558021627,64.0
0,wine,IF2-jackknife+,0.915,2.8063340453014645,64.0
0,wine,IF2-JAWA,0.915,2.817227907148527,64.0
0,wine,IF2-JAWAmm,0.915,2.837234713383005,64.0
0,wine,IF3-jackknife,0.915,2.8063845360715494,64.0
0,wine,IF3-jackknife-mm,0.92,2.8745323519053785,64.0
0,wine,IF3-jackknife+,0.915,2.8063845360715494,64.0
0,wine,IF3-JAWA,0.915,2.817877029913496,64.0
0,wine,IF3-JAWAmm,0.915,2.8374760210227534,64.0
0,wine,IF1-jackknife,0.915,3.0607518192588095,96.0
0,wine,IF1-jackknife-mm,0.92,3.1089129178047923,96.0
0,wine,IF1-jackknife+,0.915,3.0607518192588095,96.0
0,wine,IF1-JAWA,0.915,3.0856165621429863,96.0
0,wine,IF1-JAWAmm,0.92,3.098755614913758,96.0
0,wine,IF2-jackknife,0.92,3.061110353873572,96.0
0,wine,IF2-jackknife-mm,0.92,3.110826706073235,96.0
0,wine,IF2-jackknife+,0.915,3.061110353873572,96.0
0,wine,IF2-JAWA,0.915,3.0862794821180612,96.0
0,wine,IF2-JAWAmm,0.92,3.100853480772196,96.0
0,wine,IF3-jackknife,0.92,3.0610867463099067,96.0
0,wine,IF3-jackknife-mm,0.92,3.110896923199851,96.0
0,wine,IF3-jackknife+,0.915,3.0610867463099067,96.0
0,wine,IF3-JAWA,0.915,3.086262088638161,96.0
0,wine,IF3-JAWAmm,0.92,3.1009087562414765,96.0
0,wine,IF1-jackknife,0.95,3.2793453615986943,128.0
0,wine,IF1-jackknife-mm,0.95,3.3094381463601286,128.0
0,wine,IF1-jackknife+,0.925,3.2800739011346014,128.0
0,wine,IF1-JAWA,0.925,3.2802634061116933,128.0
0,wine,IF1-JAWAmm,0.95,3.309303816181436,128.0
0,wine,IF2-jackknife,0.95,3.278265326289054,128.0
0,wine,IF2-jackknife-mm,0.95,3.3095617459251256,128.0
0,wine,IF2-jackknife+,0.915,3.278048833285159,128.0
0,wine,IF2-JAWA,0.915,3.2783296039523355,128.0
0,wine,IF2-JAWAmm,0.95,3.309543002407193,128.0
0,wine,IF3-jackknife,0.95,3.276943339071184,128.0
0,wine,IF3-jackknife-mm,0.95,3.3070676945035222,128.0
0,wine,IF3-jackknife+,0.915,3.2772170094009767,128.0
0,wine,IF3-JAWA,0.915,3.2774597537729973,128.0
0,wine,IF3-JAWAmm,0.95,3.306990700385709,128.0
1,wine,IF1-jackknife,0.66,1.7045031420802434,0.5
1,wine,IF1-jackknife-mm,0.735,1.903691495316373,0.5
1,wine,IF1-jackknife+,0.65,1.6964520050101544,0.5
1,wine,IF1-JAWA,0.65,1.7161268391592932,0.5
1,wine,IF1-JAWAmm,0.71,1.831275156582396,0.5
1,wine,IF2-jackknife,0.74,1.913451907753786,0.5
1,wine,IF2-jackknife-mm,0.8,2.175647117694169,0.5
1,wine,IF2-jackknife+,0.735,1.8961580286353135,0.5
1,wine,IF2-JAWA,0.735,1.9127835293913473,0.5
1,wine,IF2-JAWAmm,0.8,2.148393134057091,0.5
1,wine,IF3-jackknife,0.75,1.9809028272794165,0.5
1,wine,IF3-jackknife-mm,0.825,2.2754245270587545,0.5
1,wine,IF3-jackknife+,0.745,1.980327597139222,0.5
1,wine,IF3-JAWA,0.745,1.9907518996979348,0.5
1,wine,IF3-JAWAmm,0.82,2.268835529447117,0.5
1,wine,IF1-jackknife,0.725,1.8824039633810823,1.0
1,wine,IF1-jackknife-mm,0.785,2.0769686197600805,1.0
1,wine,IF1-jackknife+,0.725,1.874960432301789,1.0
1,wine,IF1-JAWA,0.725,1.8824267552898197,1.0
1,wine,IF1-JAWAmm,0.78,2.0668759241655743,1.0
1,wine,IF2-jackknife,0.77,2.0424361313245982,1.0
1,wine,IF2-jackknife-mm,0.845,2.290821531983218,1.0
1,wine,IF2-jackknife+,0.775,2.0292744024111395,1.0
1,wine,IF2-JAWA,0.775,2.0424361313245982,1.0
1,wine,IF2-JAWAmm,0.845,2.283229119412871,1.0
1,wine,IF3-jackknife,0.79,2.088070400439801,1.0
1,wine,IF3-jackknife-mm,0.85,2.352329102255652,1.0
1,wine,IF3-jackknife+,0.79,2.0707227794679532,1.0
1,wine,IF3-JAWA,0.79,2.087695240394071,1.0
1,wine,IF3-JAWAmm,0.85,2.3437645611019233,1.0
1,wine,IF1-jackknife,0.76,1.8763728761476155,2.0
1,wine,IF1-jackknife-mm,0.795,2.0410458162945613,2.0
1,wine,IF1-jackknife+,0.76,1.8911488459633428,2.0
1,wine,IF1-JAWA,0.76,1.9030455899493322,2.0
1,wine,IF1-JAWAmm,0.79,2.0251218035717824,2.0
1,wine,IF2-jackknife,0.79,2.0098826214828147,2.0
1,wine,IF2-jackknife-mm,0.83,2.212235374663183,2.0
1,wine,IF2-jackknife+,0.79,2.014146233192038,2.0
1,wine,IF2-JAWA,0.79,2.023812464634407,2.0
1,wine,IF2-JAWAmm,0.83,2.2117635526456354,2.0
1,wine,IF3-jackknife,0.8,2.030942321597585,2.0
1,wine,IF3-jackknife-mm,0.835,2.247741373498966,2.0
1,wine,IF3-jackknife+,0.8,2.049399613812114,2.0
1,wine,IF3-JAWA,0.8,2.0664164720103835,2.0
1,wine,IF3-JAWAmm,0.835,2.2435441033803816,2.0
1,wine,IF1-jackknife,0.83,2.063544271922199,4.0
1,wine,IF1-jackknife-mm,0.87,2.242000763372421,4.0
1,wine,IF1-jackknife+,0.835,2.073442473420975,4.0
1,wine,IF1-JAWA,0.835,2.082094669979265,4.0
1,wine,IF1-JAWAmm,0.87,2.240575055803334,4.0
1,wine,IF2-jackknife,0.845,2.1083725417821264,4.0
1,wine,IF2-jackknife-mm,0.92,3.1718651236773807,4.0
1,wine,IF2-jackknife+,0.845,2.111606481645138,4.0
1,wine,IF2-JAWA,0.845,2.1202138219524755,4.0
1,wine,IF2-JAWAmm,0.92,3.169781388607003,4.0
1,wine,IF3-jackknife,0.855,2.154957885252916,4.0
1,wine,IF3-jackknife-mm,0.95,15.935675097953661,4.0
1,wine,IF3-jackknife+,0.85,2.145845506748283,4.0
1,wine,IF3-JAWA,0.85,2.155357598189512,4.0
1,wine,IF3-JAWAmm,0.945,15.896378068405307,4.0
1,wine,IF1-jackknife,0.895,2.461208265032342,8.0
1,wine,IF1-jackknife-mm,0.915,2.6032131103153073,8.0
1,wine,IF1-jackknife+,0.89,2.4813447486965035,8.0
1,wine,IF1-JAWA,0.89,2.5187926161579917,8.0
1,wine,IF1-JAWAmm,0.915,2.5904602796450087,8.0
1,wine,IF2-jackknife,0.895,2.460390245713564,8.0
1,wine,IF2-jackknife-mm,0.95,3.593196457313489,8.0
1,wine,IF2-jackknife+,0.9,2.538173003595505,8.0
1,wine,IF2-JAWA,0.9,2.604213848741611,8.0
1,wine,IF2-JAWAmm,0.95,3.587000020613706,8.0
1,wine,IF3-jackknife,0.925,2.781816043854423,8.0
1,wine,IF3-jackknife-mm,0.975,11.97393753155978,8.0
1,wine,IF3-jackknife+,0.92,2.744733355752463,8.0
1,wine,IF3-JAWA,0.92,2.766225179647705,8.0
1,wine,IF3-JAWAmm,0.975,11.954692721677857,8.0
1,wine,IF1-jackknife,0.9,2.58440983977962,16.0
1,wine,IF1-jackknife-mm,0.91,2.6742477699395866,16.0
1,wine,IF1-jackknife+,0.9,2.584695501787381,16.0
1,wine,IF1-JAWA,0.9,2.6113128561798558,16.0
1,wine,IF1-JAWAmm,0.91,2.656192433657991,16.0
1,wine,IF2-jackknife,0.9,2.597774100140814,16.0
1,wine,IF2-jackknife-mm,0.915,2.700723093686646,16.0
1,wine,IF2-jackknife+,0.905,2.597774100140814,16.0
1,wine,IF2-JAWA,0.905,2.635233096307765,16.0
1,wine,IF2-JAWAmm,0.915,2.6731124008824088,16.0
1,wine,IF3-jackknife,0.9,2.5983197824800923,16.0
1,wine,IF3-jackknife-mm,0.955,3.041776662402749,16.0
1,wine,IF3-jackknife+,0.905,2.5983197824800923,16.0
1,wine,IF3-JAWA,0.905,2.637836299313091,16.0
1,wine,IF3-JAWAmm,0.955,3.0136202056057115,16.0
1,wine,IF1-jackknife,0.89,2.558754159593198,32.0
1,wine,IF1-jackknife-mm,0.905,2.639013847111289,32.0
1,wine,IF1-jackknife+,0.89,2.562976851018488,32.0
1,wine,IF1-JAWA,0.895,2.605688095813054,32.0
1,wine,IF1-JAWAmm,0.9,2.613222059425083,32.0
1,wine,IF2-jackknife,0.89,2.560994978727918,32.0
1,wine,IF2-jackknife-mm,0.91,2.6486159399238574,32.0
1,wine,IF2-jackknife+,0.89,2.570149903084343,32.0
1,wine,IF2-JAWA,0.895,2.610849920757837,32.0
1,wine,IF2-JAWAmm,0.9,2.6230228244434914,32.0
1,wine,IF3-jackknife,0.89,2.5610078730074424,32.0
1,wine,IF3-jackknife-mm,0.91,2.6487344411125493,32.0
1,wine,IF3-jackknife+,0.895,2.5755922739586987,32.0
1,wine,IF3-JAWA,0.9,2.6130209672712543,32.0
1,wine,IF3-JAWAmm,0.9,2.6231917227549344,32.0
1,wine,IF1-jackknife,0.895,2.7864934400372,64.0
1,wine,IF1-jackknife-mm,0.9,2.8503229069239486,64.0
1,wine,IF1-jackknife+,0.885,2.782887673149172,64.0
1,wine,IF1-JAWA,0.885,2.7911763732890633,64.0
1,wine,IF1-JAWAmm,0.895,2.828090588129734,64.0
1,wine,IF2-jackknife,0.895,2.79097545044599,64.0
1,wine,IF2-jackknife-mm,0.905,2.858690618015307,64.0
1,wine,IF2-jackknife+,0.885,2.785240536937499,64.0
1,wine,IF2-JAWA,0.885,2.792470837007066,64.0
1,wine,IF2-JAWAmm,0.895,2.8335466386725128,64.0
1,wine,IF3-jackknife,0.895,2.7910970086338494,64.0
1,wine,IF3-jackknife-mm,0.905,2.859324721742677,64.0
1,wine,IF3-jackknife+,0.885,2.7852781035523817,64.0
1,wine,IF3-JAWA,0.885,2.792482502279763,64.0
1,wine,IF3-JAWAmm,0.895,2.8340777110481703,64.0
1,wine,IF1-jackknife,0.895,3.0447299314946252,96.0
1,wine,IF1-jackknife-mm,0.905,3.094888659932502,96.0
1,wine,IF1-jackknife+,0.885,3.042567167317725,96.0
1,wine,IF1-JAWA,0.885,3.0454838857457736,96.0
1,wine,IF1-JAWAmm,0.905,3.082191281884752,96.0
1,wine,IF2-jackknife,0.895,3.045091008296916,96.0
1,wine,IF2-jackknife-mm,0.905,3.096741525961824,96.0
1,wine,IF2-jackknife+,0.89,3.0430775106736396,96.0
1,wine,IF2-JAWA,0.89,3.0461481305969555,96.0
1,wine,IF2-JAWAmm,0.905,3.0840903196196487,96.0
1,wine,IF3-jackknife,0.895,3.0450718076150554,96.0
1,wine,IF3-jackknife-mm,0.905,3.0967706028886477,96.0
1,wine,IF3-jackknife+,0.89,3.043034546985739,96.0
1,wine,IF3-JAWA,0.89,3.0461067326445863,96.0
1,wine,IF3-JAWAmm,0.905,3.0841137094084576,96.0
1,wine,IF1-jackknife,0.95,3.288581467388098,128.0
1,wine,IF1-jackknife-mm,0.95,3.321217704544737,128.0
1,wine,IF1-jackknife+,0.89,3.287880209771597,128.0
1,wine,IF1-JAWA,0.89,3.2883532299261393,128.0
1,wine,IF1-JAWAmm,0.95,3.3209026780602464,128.0
1,wine,IF2-jackknife,0.95,3.2887269129788708,128.0
1,wine,IF2-jackknife-mm,0.95,3.3216367193583123,128.0
1,wine,IF2-jackknife+,0.89,3.2886676929944274,128.0
1,wine,IF2-JAWA,0.89,3.288851908079634,128.0
1,wine,IF2-JAWAmm,0.95,3.3206386693033467,128.0
1,wine,IF3-jackknife,0.95,3.2887473961152613,128.0
1,wine,IF3-jackknife-mm,0.95,3.3203246554487005,128.0
1,wine,IF3-jackknife+,0.89,3.2883639191081575,128.0
1,wine,IF3-JAWA,0.89,3.2886604616265256,128.0
1,wine,IF3-JAWAmm,0.95,3.3191203266556424,128.0
2,wine,IF1-jackknife,0.575,1.449093620969479,0.5
2,wine,IF1-jackknife-mm,0.61,1.638470896818277,0.5
2,wine,IF1-jackknife+,0.57,1.4526874011525208,0.5
2,wine,IF1-JAWA,0.57,1.4638547382161105,0.5
2,wine,IF1-JAWAmm,0.605,1.622258713769252,0.5
2,wine,IF2-jackknife,0.6,1.6023680078426796,0.5
2,wine,IF2-jackknife-mm,0.675,1.891238070837574,0.5
2,wine,IF2-jackknife+,0.625,1.6458381735497967,0.5
2,wine,IF2-JAWA,0.625,1.6563968333276544,0.5
2,wine,IF2-JAWAmm,0.675,1.8912009044487537,0.5
2,wine,IF3-jackknife,0.665,1.8178924075689222,0.5
2,wine,IF3-jackknife-mm,0.78,2.317734357989476,0.5
2,wine,IF3-jackknife+,0.66,1.8499291606894612,0.5
2,wine,IF3-JAWA,0.66,1.8732641835182884,0.5
2,wine,IF3-JAWAmm,0.78,2.316950295125571,0.5
2,wine,IF1-jackknife,0.625,1.5787343696572478,1.0
2,wine,IF1-jackknife-mm,0.695,1.769343987075889,1.0
2,wine,IF1-jackknife+,0.625,1.575514805804234,1.0
2,wine,IF1-JAWA,0.63,1.5827907167249546,1.0
2,wine,IF1-JAWAmm,0.69,1.7617309734956619,1.0
2,wine,IF2-jackknife,0.665,1.731556364185464,1.0
2,wine,IF2-jackknife-mm,0.735,1.9856326135571654,1.0
2,wine,IF2-jackknife+,0.67,1.7421743658170232,1.0
2,wine,IF2-JAWA,0.67,1.7551568018463537,1.0
2,wine,IF2-JAWAmm,0.73,1.9674844934375417,1.0
2,wine,IF3-jackknife,0.69,1.807066856383615,1.0
2,wine,IF3-jackknife-mm,0.775,2.1019705368152644,1.0
2,wine,IF3-jackknife+,0.685,1.8224374486090364,1.0
2,wine,IF3-JAWA,0.69,1.8316839558899787,1.0
2,wine,IF3-JAWAmm,0.77,2.0981578200247384,1.0
2,wine,IF1-jackknife,0.755,1.9026535583491513,2.0
2,wine,IF1-jackknife-mm,0.805,2.0510999230554003,2.0
2,wine,IF1-jackknife+,0.75,1.8842478502898032,2.0
2,wine,IF1-JAWA,0.755,1.8909219694646442,2.0
2,wine,IF1-JAWAmm,0.8,2.039587378629719,2.0
2,wine,IF2-jackknife,0.795,2.006882528374671,2.0
2,wine,IF2-jackknife-mm,0.825,2.1994696569252112,2.0
2,wine,IF2-jackknife+,0.785,2.0068825283746703,2.0
2,wine,IF2-JAWA,0.795,2.006882528374671,2.0
2,wine,IF2-JAWAmm,0.825,2.1994696569252103,2.0
2,wine,IF3-jackknife,0.795,2.0348309147479,2.0
2,wine,IF3-jackknife-mm,0.84,2.265822072200799,2.0
2,wine,IF3-jackknife+,0.81,2.044206512698908,2.0
2,wine,IF3-JAWA,0.81,2.062807224977391,2.0
2,wine,IF3-JAWAmm,0.84,2.263569113998429,2.0
2,wine,IF1-jackknife,0.865,2.3446850292264245,4.0
2,wine,IF1-jackknife-mm,0.895,2.492906391534557,4.0
2,wine,IF1-jackknife+,0.865,2.337325830258921,4.0
2,wine,IF1-JAWA,0.865,2.3463377868309765,4.0
2,wine,IF1-JAWAmm,0.89,2.457797926019162,4.0
2,wine,IF2-jackknife,0.875,2.3836332654843995,4.0
2,wine,IF2-jackknife-mm,0.92,2.623905061244353,4.0
2,wine,IF2-jackknife+,0.88,2.384254564751136,4.0
2,wine,IF2-JAWA,0.88,2.4022111067943457,4.0
2,wine,IF2-JAWAmm,0.92,2.6228031723912113,4.0
2,wine,IF3-jackknife,0.875,2.3851435419257387,4.0
2,wine,IF3-jackknife-mm,0.945,3.196998224396675,4.0
2,wine,IF3-jackknife+,0.88,2.4075442904424444,4.0
2,wine,IF3-JAWA,0.88,2.4479220781947166,4.0
2,wine,IF3-JAWAmm,0.945,3.1952917967386374,4.0
2,wine,IF1-jackknife,0.93,2.6754982075830567,8.0
2,wine,IF1-jackknife-mm,0.94,2.794181922292151,8.0
2,wine,IF1-jackknife+,0.93,2.651270353916589,8.0
2,wine,IF1-JAWA,0.93,2.6662938005014256,8.0
2,wine,IF1-JAWAmm,0.935,2.698843865645042,8.0
2,wine,IF2-jackknife,0.93,2.7450399927581763,8.0
2,wine,IF2-jackknife-mm,0.975,7.791714656488134,8.0
2,wine,IF2-jackknife+,0.93,2.696794560031133,8.0
2,wine,IF2-JAWA,0.93,2.7157405283875535,8.0
2,wine,IF2-JAWAmm,0.975,7.780206939175137,8.0
2,wine,IF3-jackknife,0.96,3.161915112892369,8.0
2,wine,IF3-jackknife-mm,0.99,199.307057046762,8.0
2,wine,IF3-jackknife+,0.955,3.4189289945695425,8.0
2,wine,IF3-JAWA,0.96,3.5030189992172325,8.0
2,wine,IF3-JAWAmm,0.98,199.24603694269905,8.0
2,wine,IF1-jackknife,0.925,2.6109846142047948,16.0
2,wine,IF1-jackknife-mm,0.925,2.710123116519196,16.0
2,wine,IF1-jackknife+,0.92,2.6046397972370956,16.0
2,wine,IF1-JAWA,0.925,2.6174144955316136,16.0
2,wine,IF1-JAWAmm,0.925,2.6341785096037733,16.0
2,wine,IF2-jackknife,0.925,2.61359522286131,16.0
2,wine,IF2-jackknife-mm,0.93,2.7342865699373564,16.0
2,wine,IF2-jackknife+,0.925,2.61359522286131,16.0
2,wine,IF2-JAWA,0.925,2.6206926373105284,16.0
2,wine,IF2-JAWAmm,0.925,2.6991936144680957,16.0
2,wine,IF3-jackknife,0.925,2.6136600798938385,16.0
2,wine,IF3-jackknife-mm,0.95,3.399507823319747,16.0
2,wine,IF3-jackknife+,0.925,2.620761036248836,16.0
2,wine,IF3-JAWA,0.925,2.6529584074266497,16.0
2,wine,IF3-JAWAmm,0.945,3.3709913892542227,16.0
2,wine,IF1-jackknife,0.91,2.5990419040355346,32.0
2,wine,IF1-jackknife-mm,0.92,2.6886555379852783,32.0
2,wine,IF1-jackknife+,0.91,2.5990419040355346,32.0
2,wine,IF1-JAWA,0.91,2.6032554983736595,32.0
2,wine,IF1-JAWAmm,0.91,2.6068780003676686,32.0
2,wine,IF2-jackknife,0.915,2.638934303757183,32.0
2,wine,IF2-jackknife-mm,0.92,2.740074048163846,32.0
2,wine,IF2-jackknife+,0.915,2.638934303757183,32.0
2,wine,IF2-JAWA,0.925,2.721975987376143,32.0
2,wine,IF2-JAWAmm,0.92,2.7030729968625558,32.0
2,wine,IF3-jackknife,0.915,2.6392953362402705,32.0
2,wine,IF3-jackknife-mm,0.92,2.741450784388628,32.0
2,wine,IF3-jackknife+,0.915,2.6392953362402705,32.0
2,wine,IF3-JAWA,0.925,2.7579939051484166,32.0
2,wine,IF3-JAWAmm,0.92,2.704177487608207,32.0
2,wine,IF1-jackknife,0.9,2.7252781870908134,64.0
2,wine,IF1-jackknife-mm,0.92,2.798211610232184,64.0
2,wine,IF1-jackknife+,0.9,2.727482472269438,64.0
2,wine,IF1-JAWA,0.9,2.7677651893214605,64.0
2,wine,IF1-JAWAmm,0.91,2.777934966083299,64.0
2,wine,IF2-jackknife,0.9,2.7265319136597124,64.0
2,wine,IF2-jackknife-mm,0.92,2.8053924447832417,64.0
2,wine,IF2-jackknife+,0.9,2.729563750921795,64.0
2,wine,IF2-JAWA,0.9,2.7696486787016963,64.0
2,wine,IF2-JAWAmm,0.91,2.7855039259283636,64.0
2,wine,IF3-jackknife,0.9,2.7265434080570063,64.0
2,wine,IF3-jackknife-mm,0.92,2.805771475055617,64.0
2,wine,IF3-jackknife+,0.9,2.7295836098768946,64.0
2,wine,IF3-JAWA,0.9,2.769666772443444,64.0
2,wine,IF3-JAWAmm,0.91,2.7859341053427196,64.0
2,wine,IF1-jackknife,0.905,2.968782718177028,96.0
2,wine,IF1-jackknife-mm,0.92,3.024364189843479,96.0
2,wine,IF1-jackknife+,0.9,2.9717065299062924,96.0
2,wine,IF1-JAWA,0.9,2.989791645781311,96.0
2,wine,IF1-JAWAmm,0.92,3.016973230289988,96.0
2,wine,IF2-jackknife,0.905,2.969117913609805,96.0
2,wine,IF2-jackknife-mm,0.92,3.027165650414109,96.0
2,wine,IF2-jackknife+,0.9,2.9722250863244404,96.0
2,wine,IF2-JAWA,0.9,2.9901857379260917,96.0
2,wine,IF2-JAWAmm,0.92,3.0200699757531475,96.0
2,wine,IF3-jackknife,0.905,2.9690985066888627,96.0
2,wine,IF3-jackknife-mm,0.92,3.0270837362562037,96.0
2,wine,IF3-jackknife+,0.9,2.9721985021377595,96.0
2,wine,IF3-JAWA,0.9,2.9901694123802622,96.0
2,wine,IF3-JAWAmm,0.92,3.0199630500381316,96.0
2,wine,IF1-jackknife,0.95,3.1947920077468965,128.0
2,wine,IF1-jackknife-mm,0.95,3.228629362536118,128.0
2,wine,IF1-jackknife+,0.925,3.194921318778274,128.0
2,wine,IF1-JAWA,0.925,3.1949942696739413,128.0
2,wine,IF1-JAWAmm,0.95,3.228601277109191,128.0
2,wine,IF2-jackknife,0.95,3.194504232238375,128.0
2,wine,IF2-jackknife-mm,0.95,3.2269554957141207,128.0
2,wine,IF2-jackknife+,0.9,3.1945557988613555,128.0
2,wine,IF2-JAWA,0.9,3.1946614111997524,128.0
2,wine,IF2-JAWAmm,0.95,3.226869266154818,128.0
2,wine,IF3-jackknife,0.95,3.193256772673359,128.0
2,wine,IF3-jackknife-mm,0.95,3.3197142631777714,128.0
2,wine,IF3-jackknife+,0.9,3.193294331674747,128.0
2,wine,IF3-JAWA,0.9,3.1933567930999986,128.0
2,wine,IF3-JAWAmm,0.95,3.3197121435928034,128.0
3,wine,IF1-jackknife,0.635,1.7768524566084345,0.5
3,wine,IF1-jackknife-mm,0.685,2.023794526522756,0.5
3,wine,IF1-jackknife+,0.645,1.7768524566084345,0.5
3,wine,IF1-JAWA,0.645,1.8169539647851418,0.5
3,wine,IF1-JAWAmm,0.68,1.9695448713430723,0.5
3,wine,IF2-jackknife,0.71,2.098759409581814,0.5
3,wine,IF2-jackknife-mm,0.8,2.4400723318194406,0.5
3,wine,IF2-jackknife+,0.695,2.0885913235908466,0.5
3,wine,IF2-JAWA,0.7,2.117773099745638,0.5
3,wine,IF2-JAWAmm,0.8,2.400844361538429,0.5
3,wine,IF3-jackknife,0.755,2.234868789567723,0.5
3,wine,IF3-jackknife-mm,0.83,2.6328058149686093,0.5
3,wine,IF3-jackknife+,0.745,2.2222983030683072,0.5
3,wine,IF3-JAWA,0.75,2.2494991452417197,0.5
3,wine,IF3-JAWAmm,0.83,2.593373868075001,0.5
3,wine,IF1-jackknife,0.685,1.8549372104743065,1.0
3,wine,IF1-jackknife-mm,0.74,2.0760268928687005,1.0
3,wine,IF1-jackknife+,0.695,1.8817972721734662,1.0
3,wine,IF1-JAWA,0.71,1.9405654399054701,1.0
3,wine,IF1-JAWAmm,0.73,2.0455570048856035,1.0
3,wine,IF2-jackknife,0.765,2.15995015402948,1.0
3,wine,IF2-jackknife-mm,0.84,2.471162271555812,1.0
3,wine,IF2-jackknife+,0.76,2.1377321785323717,1.0
3,wine,IF2-JAWA,0.77,2.15995015402948,1.0
3,wine,IF2-JAWAmm,0.825,2.377670919982589,1.0
3,wine,IF3-jackknife,0.795,2.234497476610782,1.0
3,wine,IF3-jackknife-mm,0.845,2.5911508741904132,1.0
3,wine,IF3-jackknife+,0.8,2.2431835197046786,1.0
3,wine,IF3-JAWA,0.8,2.271185018736911,1.0
3,wine,IF3-JAWAmm,0.845,2.54858055510031,1.0
3,wine,IF1-jackknife,0.815,2.240405944556144,2.0
3,wine,IF1-jackknife-mm,0.845,2.4329697135146264,2.0
3,wine,IF1-jackknife+,0.815,2.240405944556144,2.0
3,wine,IF1-JAWA,0.815,2.251049936139936,2.0
3,wine,IF1-JAWAmm,0.845,2.4311326790610206,2.0
3,wine,IF2-jackknife,0.815,2.3433414318572763,2.0
3,wine,IF2-jackknife-mm,0.86,2.5864159963047033,2.0
3,wine,IF2-jackknife+,0.82,2.3399770171457432,2.0
3,wine,IF2-JAWA,0.825,2.3497502721792323,2.0
3,wine,IF2-JAWAmm,0.86,2.582928776347631,2.0
3,wine,IF3-jackknife,0.835,2.4086416754125413,2.0
3,wine,IF3-jackknife-mm,0.875,2.6839947476600905,2.0
3,wine,IF3-jackknife+,0.82,2.3975675066511313,2.0
3,wine,IF3-JAWA,0.835,2.406187460495059,2.0
3,wine,IF3-JAWAmm,0.875,2.659005609997287,2.0
3,wine,IF1-jackknife,0.855,2.4910955815738394,4.0
3,wine,IF1-jackknife-mm,0.865,2.696572551926123,4.0
3,wine,IF1-jackknife+,0.855,2.5141969579375214,4.0
3,wine,IF1-JAWA,0.855,2.5466790652264173,4.0
3,wine,IF1-JAWAmm,0.865,2.6803263934387846,4.0
3,wine,IF2-jackknife,0.855,2.702560561833931,4.0
3,wine,IF2-jackknife-mm,0.89,2.9198424919806216,4.0
3,wine,IF2-jackknife+,0.865,2.723729354236144,4.0
3,wine,IF2-JAWA,0.875,2.7715212662214666,4.0
3,wine,IF2-JAWAmm,0.89,2.9115899328843855,4.0
3,wine,IF3-jackknife,0.885,2.818525068564255,4.0
3,wine,IF3-jackknife-mm,0.915,3.0799920996005627,4.0
3,wine,IF3-jackknife+,0.875,2.8074930205929496,4.0
3,wine,IF3-JAWA,0.88,2.8234791771509604,4.0
3,wine,IF3-JAWAmm,0.915,3.068216460465271,4.0
3,wine,IF1-jackknife,0.915,2.858396148156538,8.0
3,wine,IF1-jackknife-mm,0.93,3.0048254391713227,8.0
3,wine,IF1-jackknife+,0.92,2.858396148156538,8.0
3,wine,IF1-JAWA,0.92,2.882631508314282,8.0
3,wine,IF1-JAWAmm,0.92,2.958415607973724,8.0
3,wine,IF2-jackknife,0.915,2.8617777360311374,8.0
3,wine,IF2-jackknife-mm,0.93,3.056162651973878,8.0
3,wine,IF2-jackknife+,0.92,2.8743043538793795,8.0
3,wine,IF2-JAWA,0.92,2.9244099220633277,8.0
3,wine,IF2-JAWAmm,0.93,3.031349096290671,8.0
3,wine,IF3-jackknife,0.92,2.991144513961618,8.0
3,wine,IF3-jackknife-mm,0.965,4.107128531660905,8.0
3,wine,IF3-jackknife+,0.92,2.991144513961618,8.0
3,wine,IF3-JAWA,0.92,3.0230216983119194,8.0
3,wine,IF3-JAWAmm,0.96,3.9769563929165024,8.0
3,wine,IF1-jackknife,0.915,2.8500894525274316,16.0
3,wine,IF1-jackknife-mm,0.93,2.952377916392116,16.0
3,wine,IF1-jackknife+,0.915,2.850089452527432,16.0
3,wine,IF1-JAWA,0.915,2.870323526732956,16.0
3,wine,IF1-JAWAmm,0.93,2.943979082702399,16.0
3,wine,IF2-jackknife,0.915,2.8900961468258037,16.0
3,wine,IF2-jackknife-mm,0.93,3.0056196392653223,16.0
3,wine,IF2-jackknife+,0.915,2.8817859567097246,16.0
3,wine,IF2-JAWA,0.915,2.892431286154282,16.0
3,wine,IF2-JAWAmm,0.93,2.995423350447266,16.0
3,wine,IF3-jackknife,0.915,2.887688183001036,16.0
3,wine,IF3-jackknife-mm,0.93,3.0095426669704812,16.0
3,wine,IF3-jackknife+,0.915,2.8924534158228843,16.0
3,wine,IF3-JAWA,0.915,2.901502152847842,16.0
3,wine,IF3-JAWAmm,0.93,3.0031661458851078,16.0
3,wine,IF1-jackknife,0.905,2.8512098976987423,32.0
3,wine,IF1-jackknife-mm,0.92,2.947460986909382,32.0
3,wine,IF1-jackknife+,0.905,2.8360505660585003,32.0
3,wine,IF1-JAWA,0.905,2.8440085947087894,32.0
3,wine,IF1-JAWAmm,0.92,2.916987006162826,32.0
3,wine,IF2-jackknife,0.905,2.8522810949957305,32.0
3,wine,IF2-jackknife-mm,0.92,2.9606838762039853,32.0
3,wine,IF2-jackknife+,0.905,2.838273450717997,32.0
3,wine,IF2-JAWA,0.905,2.846842791299481,32.0
3,wine,IF2-JAWAmm,0.92,2.932068937941745,32.0
3,wine,IF3-jackknife,0.905,2.8522966212370564,32.0
3,wine,IF3-jackknife-mm,0.92,2.9659410960751766,32.0
3,wine,IF3-jackknife+,0.905,2.8389921028755194,32.0
3,wine,IF3-JAWA,0.905,2.8472200801083143,32.0
3,wine,IF3-JAWAmm,0.92,2.9373927973920724,32.0
3,wine,IF1-jackknife,0.905,3.102630976496732,64.0
3,wine,IF1-jackknife-mm,0.915,3.1724439512687406,64.0
3,wine,IF1-jackknife+,0.905,3.102630976496732,64.0
3,wine,IF1-JAWA,0.905,3.115913709086258,64.0
3,wine,IF1-JAWAmm,0.91,3.12276163088593,64.0
3,wine,IF2-jackknife,0.905,3.1035910076928355,64.0
3,wine,IF2-jackknife-mm,0.915,3.1795210808290992,64.0
3,wine,IF2-jackknife+,0.905,3.1035910076928355,64.0
3,wine,IF2-JAWA,0.905,3.117297108073655,64.0
3,wine,IF2-JAWAmm,0.91,3.1356923028171124,64.0
3,wine,IF3-jackknife,0.905,3.1035698963002063,64.0
3,wine,IF3-jackknife-mm,0.915,3.1803029335443687,64.0
3,wine,IF3-jackknife+,0.905,3.1035698963002063,64.0
3,wine,IF3-JAWA,0.905,3.1172712490557495,64.0
3,wine,IF3-JAWAmm,0.91,3.137198358060742,64.0
3,wine,IF1-jackknife,0.92,3.442063504669099,96.0
3,wine,IF1-jackknife-mm,0.935,3.488100062531368,96.0
3,wine,IF1-jackknife+,0.905,3.4400531504025453,96.0
3,wine,IF1-JAWA,0.905,3.4416977769374477,96.0
3,wine,IF1-JAWAmm,0.935,3.482370334816318,96.0
3,wine,IF2-jackknife,0.92,3.440794890208355,96.0
3,wine,IF2-jackknife-mm,0.935,3.4886286479793647,96.0
3,wine,IF2-jackknife+,0.905,3.439494202063898,96.0
3,wine,IF2-JAWA,0.905,3.4409361255643995,96.0
3,wine,IF2-JAWAmm,0.935,3.4844914967421357,96.0
3,wine,IF3-jackknife,0.915,3.4384572060355776,96.0
3,wine,IF3-jackknife-mm,0.935,3.4861991331713176,96.0
3,wine,IF3-jackknife+,0.905,3.438601571477518,96.0
3,wine,IF3-JAWA,0.905,3.440474156675132,96.0
3,wine,IF3-JAWAmm,0.935,3.4843085155530025,96.0
3,wine,IF1-jackknife,0.95,3.519097616051858,128.0
3,wine,IF1-jackknife-mm,0.95,3.5513034638523484,128.0
3,wine,IF1-jackknife+,0.885,3.519097616051858,128.0
3,wine,IF1-JAWA,0.885,3.519097616062732,128.0
3,wine,IF1-JAWAmm,0.95,3.5513034638226895,128.0
3,wine,IF2-jackknife,0.95,3.519184634190552,128.0
3,wine,IF2-jackknife-mm,0.95,3.5515510295051302,128.0
3,wine,IF2-jackknife+,0.885,3.519184634190552,128.0
3,wine,IF2-JAWA,0.885,3.5191846341978668,128.0
3,wine,IF2-JAWAmm,0.95,3.5515510294664074,128.0
3,wine,IF3-jackknife,0.95,3.519185067981199,128.0
3,wine,IF3-jackknife-mm,0.95,3.5515522636580488,128.0
3,wine,IF3-jackknife+,0.885,3.519185067981199,128.0
3,wine,IF3-JAWA,0.885,3.5191850679893477,128.0
3,wine,IF3-JAWAmm,0.95,3.551552263621486,128.0
4,wine,IF1-jackknife,0.625,1.8712484135630585,0.5
4,wine,IF1-jackknife-mm,0.68,2.091308346054544,0.5
4,wine,IF1-jackknife+,0.63,1.859815268173879,0.5
4,wine,IF1-JAWA,0.63,1.8862919716151216,0.5
4,wine,IF1-JAWAmm,0.665,2.0334628787518847,0.5
4,wine,IF2-jackknife,0.665,2.109326817415753,0.5
4,wine,IF2-jackknife-mm,0.73,2.4131548157409246,0.5
4,wine,IF2-jackknife+,0.675,2.109326817415753,0.5
4,wine,IF2-JAWA,0.685,2.1412016114606196,0.5
4,wine,IF2-JAWAmm,0.73,2.3912863505832296,0.5
4,wine,IF3-jackknife,0.695,2.227644598570092,0.5
4,wine,IF3-jackknife-mm,0.765,2.5684948426037923,0.5
4,wine,IF3-jackknife+,0.695,2.227644598570092,0.5
4,wine,IF3-JAWA,0.695,2.243721632779025,0.5
4,wine,IF3-JAWAmm,0.745,2.534285229332383,0.5
4,wine,IF1-jackknife,0.665,2.0428623047883674,1.0
4,wine,IF1-jackknife-mm,0.74,2.2393470614388518,1.0
4,wine,IF1-jackknife+,0.665,2.043584259503684,1.0
4,wine,IF1-JAWA,0.685,2.0726927221626728,1.0
4,wine,IF1-JAWAmm,0.715,2.194748278686834,1.0
4,wine,IF2-jackknife,0.74,2.237685535790082,1.0
4,wine,IF2-jackknife-mm,0.815,2.4981501306060805,1.0
4,wine,IF2-jackknife+,0.735,2.2337407563429603,1.0
4,wine,IF2-JAWA,0.735,2.244854525377533,1.0
4,wine,IF2-JAWAmm,0.815,2.4742951262380712,1.0
4,wine,IF3-jackknife,0.74,2.2620206510583865,1.0
4,wine,IF3-jackknife-mm,0.82,2.558198163512645,1.0
4,wine,IF3-jackknife+,0.75,2.284717858135209,1.0
4,wine,IF3-JAWA,0.75,2.2987396626887397,1.0
4,wine,IF3-JAWAmm,0.82,2.5566846047226024,1.0
4,wine,IF1-jackknife,0.785,2.1865611007995875,2.0
4,wine,IF1-jackknife-mm,0.83,2.358916936275374,2.0
4,wine,IF1-jackknife+,0.775,2.1823085796815804,2.0
4,wine,IF1-JAWA,0.78,2.1936011554593966,2.0
4,wine,IF1-JAWAmm,0.825,2.327233491006902,2.0
4,wine,IF2-jackknife,0.795,2.2949097301715984,2.0
4,wine,IF2-jackknife-mm,0.845,2.5240900177412375,2.0
4,wine,IF2-jackknife+,0.805,2.311557383279144,2.0
4,wine,IF2-JAWA,0.805,2.3270451736936524,2.0
4,wine,IF2-JAWAmm,0.845,2.509442356353835,2.0
4,wine,IF3-jackknife,0.805,2.3509528309283594,2.0
4,wine,IF3-jackknife-mm,0.86,2.6042465450563843,2.0
4,wine,IF3-jackknife+,0.825,2.3756045597214994,2.0
4,wine,IF3-JAWA,0.825,2.398578595344222,2.0
4,wine,IF3-JAWAmm,0.86,2.601552072481525,2.0
4,wine,IF1-jackknife,0.865,2.785646791296719,4.0
4,wine,IF1-jackknife-mm,0.895,2.9771678191036677,4.0
4,wine,IF1-jackknife+,0.865,2.7837169892759746,4.0
4,wine,IF1-JAWA,0.87,2.800104647066732,4.0
4,wine,IF1-JAWAmm,0.88,2.869629195065544,4.0
4,wine,IF2-jackknife,0.865,2.8189403957853463,4.0
4,wine,IF2-jackknife-mm,0.93,3.983030281316113,4.0
4,wine,IF2-jackknife+,0.87,2.825765348232987,4.0
4,wine,IF2-JAWA,0.88,2.894753061308961,4.0
4,wine,IF2-JAWAmm,0.93,3.9501947492029856,4.0
4,wine,IF3-jackknife,0.91,3.0931296073133003,4.0
4,wine,IF3-jackknife-mm,0.965,15.685678730004224,4.0
4,wine,IF3-jackknife+,0.89,3.0168530472686945,4.0
4,wine,IF3-JAWA,0.895,3.0594358511646957,4.0
4,wine,IF3-JAWAmm,0.965,15.653180391010991,4.0
4,wine,IF1-jackknife,0.885,2.8555416770999305,8.0
4,wine,IF1-jackknife-mm,0.895,2.9750743934052197,8.0
4,wine,IF1-jackknife+,0.885,2.8617787191501893,8.0
4,wine,IF1-JAWA,0.885,2.8801491055008737,8.0
4,wine,IF1-JAWAmm,0.895,2.953942667784101,8.0
4,wine,IF2-jackknife,0.885,2.859800965738816,8.0
4,wine,IF2-jackknife-mm,0.91,3.1372343120625175,8.0
4,wine,IF2-jackknife+,0.885,2.8636101864831622,8.0
4,wine,IF2-JAWA,0.885,2.873442655708777,8.0
4,wine,IF2-JAWAmm,0.91,3.1200138508123056,8.0
4,wine,IF3-jackknife,0.885,2.8951384922930874,8.0
4,wine,IF3-jackknife-mm,0.955,5.270573775635467,8.0
4,wine,IF3-jackknife+,0.885,2.8903246391002164,8.0
4,wine,IF3-JAWA,0.885,2.905447962305146,8.0
4,wine,IF3-JAWAmm,0.95,5.247545451694659,8.0
4,wine,IF1-jackknife,0.875,2.8074565738616597,16.0
4,wine,IF1-jackknife-mm,0.885,2.9087563533978162,16.0
4,wine,IF1-jackknife+,0.885,2.8084517504831203,16.0
4,wine,IF1-JAWA,0.885,2.82750146482891,16.0
4,wine,IF1-JAWAmm,0.885,2.887109527232565,16.0
4,wine,IF2-jackknife,0.875,2.8176401976528744,16.0
4,wine,IF2-jackknife-mm,0.89,2.9301044936220753,16.0
4,wine,IF2-jackknife+,0.885,2.8219471759204025,16.0
4,wine,IF2-JAWA,0.885,2.8439525520314715,16.0
4,wine,IF2-JAWAmm,0.885,2.901987029663806,16.0
4,wine,IF3-jackknife,0.875,2.818379822847194,16.0
4,wine,IF3-jackknife-mm,0.89,2.9332596860923825,16.0
4,wine,IF3-jackknife+,0.885,2.822580975112874,16.0
4,wine,IF3-JAWA,0.885,2.8442851505433633,16.0
4,wine,IF3-JAWAmm,0.885,2.904485848231941,16.0
4,wine,IF1-jackknife,0.86,2.7853963318722244,32.0
4,wine,IF1-jackknife-mm,0.865,2.8742224948779516,32.0
4,wine,IF1-jackknife+,0.86,2.7853963318722244,32.0
4,wine,IF1-JAWA,0.86,2.8122171770130913,32.0
4,wine,IF1-JAWAmm,0.86,2.7715901514825765,32.0
4,wine,IF2-jackknife,0.86,2.7886583654342347,32.0
4,wine,IF2-jackknife-mm,0.87,2.8850645718126193,32.0
4,wine,IF2-jackknife+,0.86,2.7886583654342347,32.0
4,wine,IF2-JAWA,0.86,2.823119106153995,32.0
4,wine,IF2-JAWAmm,0.86,2.7845540733189513,32.0
4,wine,IF3-jackknife,0.86,2.7887671017873603,32.0
4,wine,IF3-jackknife-mm,0.87,2.8876475521678047,32.0
4,wine,IF3-jackknife+,0.86,2.7887671017873603,32.0
4,wine,IF3-JAWA,0.86,2.8236807860980195,32.0
4,wine,IF3-JAWAmm,0.86,2.7914119621457707,32.0
4,wine,IF1-jackknife,0.87,3.171290735247066,64.0
4,wine,IF1-jackknife-mm,0.875,3.2367305647641604,64.0
4,wine,IF1-jackknife+,0.865,3.171290735247066,64.0
4,wine,IF1-JAWA,0.865,3.2008369641967844,64.0
4,wine,IF1-JAWAmm,0.865,3.103467109019541,64.0
4,wine,IF2-jackknife,0.87,3.1726964457803675,64.0
4,wine,IF2-jackknife-mm,0.875,3.241846082058103,64.0
4,wine,IF2-jackknife+,0.865,3.1726964457803675,64.0
4,wine,IF2-JAWA,0.865,3.202520010997057,64.0
4,wine,IF2-JAWAmm,0.865,3.110673806127584,64.0
4,wine,IF3-jackknife,0.87,3.172710807128776,64.0
4,wine,IF3-jackknife-mm,0.875,3.2425438146634553,64.0
4,wine,IF3-jackknife+,0.865,3.172710807128776,64.0
4,wine,IF3-JAWA,0.865,3.2025314909787115,64.0
4,wine,IF3-JAWAmm,0.865,3.1113640764247528,64.0
4,wine,IF1-jackknife,0.88,3.6431851414978063,96.0
4,wine,IF1-jackknife-mm,0.9,3.686546060050888,96.0
4,wine,IF1-jackknife+,0.865,3.6431851414978063,96.0
4,wine,IF1-JAWA,0.865,3.6524581149191673,96.0
4,wine,IF1-JAWAmm,0.885,3.6526181310129,96.0
4,wine,IF2-jackknife,0.88,3.6447892690629677,96.0
4,wine,IF2-jackknife-mm,0.9,3.6891006309104686,96.0
4,wine,IF2-jackknife+,0.865,3.6447892690629677,96.0
4,wine,IF2-JAWA,0.865,3.653685623239768,96.0
4,wine,IF2-JAWAmm,0.885,3.6558363673416485,96.0
4,wine,IF3-jackknife,0.88,3.6447919574028,96.0
4,wine,IF3-jackknife-mm,0.9,3.689205910389022,96.0
4,wine,IF3-jackknife+,0.865,3.6447919574028,96.0
4,wine,IF3-JAWA,0.865,3.6536102290603703,96.0
4,wine,IF3-JAWAmm,0.885,3.655752263783978,96.0
4,wine,IF1-jackknife,0.95,3.862621276686349,128.0
4,wine,IF1-jackknife-mm,0.95,3.890391068298818,128.0
4,wine,IF1-jackknife+,0.865,3.862621276686349,128.0
4,wine,IF1-JAWA,0.865,3.8626212767213164,128.0
4,wine,IF1-JAWAmm,0.95,3.8903910682741993,128.0
4,wine,IF2-jackknife,0.95,3.862716789256866,128.0
4,wine,IF2-jackknife-mm,0.95,3.8906250143879157,128.0
4,wine,IF2-jackknife+,0.865,3.8627167892598857,128.0
4,wine,IF2-JAWA,0.865,3.862716789287429,128.0
4,wine,IF2-JAWAmm,0.95,3.8906250143487746,128.0
4,wine,IF3-jackknife,0.95,3.862717265401416,128.0
4,wine,IF3-jackknife-mm,0.95,3.890626180656755,128.0
4,wine,IF3-jackknife+,0.865,3.862717265401416,128.0
4,wine,IF3-JAWA,0.865,3.8627172654279063,128.0
4,wine,IF3-JAWAmm,0.95,3.8906261806270415,128.0
5,wine,IF1-jackknife,0.67,1.7346185864636814,0.5
5,wine,IF1-jackknife-mm,0.735,1.904752487889391,0.5
5,wine,IF1-jackknife+,0.68,1.734321178119085,0.5
5,wine,IF1-JAWA,0.68,1.7442994740190343,0.5
5,wine,IF1-JAWAmm,0.735,1.90100778976706,0.5
5,wine,IF2-jackknife,0.74,1.9209329995079447,0.5
5,wine,IF2-jackknife-mm,0.775,2.1839578555848096,0.5
5,wine,IF2-jackknife+,0.74,1.9239283529150213,0.5
5,wine,IF2-JAWA,0.745,1.9435825676303666,0.5
5,wine,IF2-JAWAmm,0.775,2.176015474957042,0.5
5,wine,IF3-jackknife,0.745,2.0381798359798453,0.5
5,wine,IF3-jackknife-mm,0.81,2.3978938847981874,0.5
5,wine,IF3-jackknife+,0.745,2.005259476831653,0.5
5,wine,IF3-JAWA,0.745,2.0157314496372054,0.5
5,wine,IF3-JAWAmm,0.81,2.3736381749758726,0.5
5,wine,IF1-jackknife,0.72,1.83790197650311,1.0
5,wine,IF1-jackknife-mm,0.75,2.0030107682024942,1.0
5,wine,IF1-jackknife+,0.715,1.8369782899597227,1.0
5,wine,IF1-JAWA,0.72,1.8507504213894115,1.0
5,wine,IF1-JAWAmm,0.75,2.001599111000215,1.0
5,wine,IF2-jackknife,0.75,1.983254114997337,1.0
5,wine,IF2-jackknife-mm,0.795,2.1902002774338616,1.0
5,wine,IF2-jackknife+,0.74,1.9656390104840515,1.0
5,wine,IF2-JAWA,0.745,1.9764412334728263,1.0
5,wine,IF2-JAWAmm,0.79,2.147110619863324,1.0
5,wine,IF3-jackknife,0.75,2.024600303450665,1.0
5,wine,IF3-jackknife-mm,0.8,2.258979463118719,1.0
5,wine,IF3-jackknife+,0.75,2.019204211904312,1.0
5,wine,IF3-JAWA,0.75,2.0278753866031427,1.0
5,wine,IF3-JAWAmm,0.8,2.2535833715723657,1.0
5,wine,IF1-jackknife,0.76,1.9773315431732834,2.0
5,wine,IF1-jackknife-mm,0.815,2.1264519987025503,2.0
5,wine,IF1-jackknife+,0.76,1.974646284166018,2.0
5,wine,IF1-JAWA,0.76,1.9808031601319955,2.0
5,wine,IF1-JAWAmm,0.8,2.0986894300114143,2.0
5,wine,IF2-jackknife,0.77,2.0285931196006857,2.0
5,wine,IF2-jackknife-mm,0.82,2.2153337218549893,2.0
5,wine,IF2-jackknife+,0.77,2.043752048106346,2.0
5,wine,IF2-JAWA,0.77,2.0537199457106805,2.0
5,wine,IF2-JAWAmm,0.82,2.212855258963349,2.0
5,wine,IF3-jackknife,0.77,2.065488071289823,2.0
5,wine,IF3-jackknife-mm,0.84,2.268420425328188,2.0
5,wine,IF3-jackknife+,0.77,2.075105329290254,2.0
5,wine,IF3-JAWA,0.775,2.0897643376145907,2.0
5,wine,IF3-JAWAmm,0.835,2.232847388017291,2.0
5,wine,IF1-jackknife,0.84,2.1864413805456486,4.0
5,wine,IF1-jackknife-mm,0.87,2.363238300543978,4.0
5,wine,IF1-jackknife+,0.84,2.1945628103679033,4.0
5,wine,IF1-JAWA,0.84,2.2076476509246596,4.0
5,wine,IF1-JAWAmm,0.87,2.3511381023532687,4.0
5,wine,IF2-jackknife,0.84,2.170661230513714,4.0
5,wine,IF2-jackknife-mm,0.88,2.558622520786728,4.0
5,wine,IF2-jackknife+,0.84,2.1891277275837613,4.0
5,wine,IF2-JAWA,0.845,2.1965966687345393,4.0
5,wine,IF2-JAWAmm,0.88,2.5581823347983987,4.0
5,wine,IF3-jackknife,0.865,2.285186589679489,4.0
5,wine,IF3-jackknife-mm,0.95,6.610912949067903,4.0
5,wine,IF3-jackknife+,0.84,2.2440943810230936,4.0
5,wine,IF3-JAWA,0.845,2.254948898944435,4.0
5,wine,IF3-JAWAmm,0.95,6.581422173794272,4.0
5,wine,IF1-jackknife,0.86,2.408931807439021,8.0
5,wine,IF1-jackknife-mm,0.89,2.5151395844827276,8.0
5,wine,IF1-jackknife+,0.86,2.408931807439021,8.0
5,wine,IF1-JAWA,0.87,2.494748723007149,8.0
5,wine,IF1-JAWAmm,0.88,2.4621374326471717,8.0
5,wine,IF2-jackknife,0.86,2.4083263627930442,8.0
5,wine,IF2-jackknife-mm,0.89,2.532370474998707,8.0
5,wine,IF2-jackknife+,0.86,2.4083263627930442,8.0
5,wine,IF2-JAWA,0.885,2.5278998700476114,8.0
5,wine,IF2-JAWAmm,0.89,2.485721188019045,8.0
5,wine,IF3-jackknife,0.86,2.4098194058718105,8.0
5,wine,IF3-jackknife-mm,0.89,2.5430149235678234,8.0
5,wine,IF3-jackknife+,0.86,2.4098194058718105,8.0
5,wine,IF3-JAWA,0.885,2.5267038113925557,8.0
5,wine,IF3-JAWAmm,0.89,2.49440533558359,8.0
5,wine,IF1-jackknife,0.875,2.465443160116242,16.0
5,wine,IF1-jackknife-mm,0.89,2.56303623816716,16.0
5,wine,IF1-jackknife+,0.875,2.478119895548881,16.0
5,wine,IF1-JAWA,0.885,2.5377274916539,16.0
5,wine,IF1-JAWAmm,0.885,2.5422004402408493,16.0
5,wine,IF2-jackknife,0.875,2.468688883415251,16.0
5,wine,IF2-jackknife-mm,0.895,2.5852017481496206,16.0
5,wine,IF2-jackknife+,0.88,2.4871771796702653,16.0
5,wine,IF2-JAWA,0.89,2.544456250274381,16.0
5,wine,IF2-JAWAmm,0.89,2.5665016234054443,16.0
5,wine,IF3-jackknife,0.875,2.4688318469601285,16.0
5,wine,IF3-jackknife-mm,0.9,2.5897521929776546,16.0
5,wine,IF3-jackknife+,0.88,2.4879450808465293,16.0
5,wine,IF3-JAWA,0.89,2.544432462045506,16.0
5,wine,IF3-JAWAmm,0.895,2.5719967659413006,16.0
5,wine,IF1-jackknife,0.885,2.545512694799589,32.0
5,wine,IF1-jackknife-mm,0.89,2.6349954541664946,32.0
5,wine,IF1-jackknife+,0.88,2.554694730379712,32.0
5,wine,IF1-JAWA,0.88,2.5921957273351484,32.0
5,wine,IF1-JAWAmm,0.89,2.6286516291193025,32.0
5,wine,IF2-jackknife,0.885,2.5506924511077713,32.0
5,wine,IF2-jackknife-mm,0.89,2.6487630787283187,32.0
5,wine,IF2-jackknife+,0.88,2.5615878147947555,32.0
5,wine,IF2-JAWA,0.88,2.596557647735219,32.0
5,wine,IF2-JAWAmm,0.89,2.644635306872784,32.0
5,wine,IF3-jackknife,0.885,2.5509406465003215,32.0
5,wine,IF3-jackknife-mm,0.89,2.65156388248438,32.0
5,wine,IF3-jackknife+,0.88,2.561953887834447,32.0
5,wine,IF3-JAWA,0.88,2.5967320094030493,32.0
5,wine,IF3-JAWAmm,0.89,2.647605388960378,32.0
5,wine,IF1-jackknife,0.865,2.701787264038601,64.0
5,wine,IF1-jackknife-mm,0.875,2.7761411002114778,64.0
5,wine,IF1-jackknife+,0.86,2.709036050138268,64.0
5,wine,IF1-JAWA,0.86,2.796304816523211,64.0
5,wine,IF1-JAWAmm,0.875,2.77010063177237,64.0
5,wine,IF2-jackknife,0.865,2.703029902078204,64.0
5,wine,IF2-jackknife-mm,0.875,2.7851793802676994,64.0
5,wine,IF2-jackknife+,0.86,2.7136155884074373,64.0
5,wine,IF2-JAWA,0.86,2.8003214008329773,64.0
5,wine,IF2-JAWAmm,0.875,2.7833960354125633,64.0
5,wine,IF3-jackknife,0.865,2.703047163069116,64.0
5,wine,IF3-jackknife-mm,0.875,2.7857198403332504,64.0
5,wine,IF3-jackknife+,0.86,2.7137614174364275,64.0
5,wine,IF3-JAWA,0.86,2.8004177878743994,64.0
5,wine,IF3-JAWAmm,0.875,2.7841027989369076,64.0
5,wine,IF1-jackknife,0.87,3.129043685780313,96.0
5,wine,IF1-jackknife-mm,0.895,3.1892747207080476,96.0
5,wine,IF1-jackknife+,0.865,3.135354878417565,96.0
5,wine,IF1-JAWA,0.865,3.179206063462294,96.0
5,wine,IF1-JAWAmm,0.89,3.1848797112111265,96.0
5,wine,IF2-jackknife,0.87,3.130958347431287,96.0
5,wine,IF2-jackknife-mm,0.895,3.1947502950418674,96.0
5,wine,IF2-jackknife+,0.865,3.138320067158456,96.0
5,wine,IF2-JAWA,0.865,3.180767294781754,96.0
5,wine,IF2-JAWAmm,0.895,3.189321764139415,96.0
5,wine,IF3-jackknife,0.87,3.130844878726611,96.0
5,wine,IF3-jackknife-mm,0.895,3.194476408347244,96.0
5,wine,IF3-jackknife+,0.865,3.138206808083509,96.0
5,wine,IF3-JAWA,0.865,3.180677127902098,96.0
5,wine,IF3-JAWAmm,0.895,3.1891510512750108,96.0
5,wine,IF1-jackknife,0.915,3.5342482149461163,128.0
5,wine,IF1-jackknife-mm,0.945,3.5766759420641714,128.0
5,wine,IF1-jackknife+,0.87,3.5349240547812295,128.0
5,wine,IF1-JAWA,0.87,3.537277745160355,128.0
5,wine,IF1-JAWAmm,0.945,3.574831042739818,128.0
5,wine,IF2-jackknife,0.915,3.533052067921071,128.0
5,wine,IF2-jackknife-mm,0.945,3.5768295066554896,128.0
5,wine,IF2-jackknife+,0.87,3.534473918453372,128.0
5,wine,IF2-JAWA,0.87,3.5367654550183825,128.0
5,wine,IF2-JAWAmm,0.945,3.5760822176252676,128.0
5,wine,IF3-jackknife,0.915,3.5323808776401093,128.0
5,wine,IF3-jackknife-mm,0.945,3.575574232609389,128.0
5,wine,IF3-jackknife+,0.87,3.5341325718940944,128.0
5,wine,IF3-JAWA,0.87,3.536532608098094,128.0
5,wine,IF3-JAWAmm,0.945,3.575187548986799,128.0
6,wine,IF1-jackknife,0.625,1.600653519360018,0.5
6,wine,IF1-jackknife-mm,0.66,1.7876639311705407,0.5
6,wine,IF1-jackknife+,0.615,1.58969981152195,0.5
6,wine,IF1-JAWA,0.62,1.601329340447187,0.5
6,wine,IF1-JAWAmm,0.645,1.728928087100421,0.5
6,wine,IF2-jackknife,0.73,1.8982181812354715,0.5
6,wine,IF2-jackknife-mm,0.78,2.1756481896387054,0.5
6,wine,IF2-jackknife+,0.71,1.8801619736668895,0.5
6,wine,IF2-JAWA,0.72,1.8982181812354715,0.5
6,wine,IF2-JAWAmm,0.76,2.113918168430211,0.5
6,wine,IF3-jackknife,0.75,2.083311462821419,0.5
6,wine,IF3-jackknife-mm,0.805,2.418520048634946,0.5
6,wine,IF3-jackknife+,0.745,2.068776996333379,0.5
6,wine,IF3-JAWA,0.745,2.084432029936951,0.5
6,wine,IF3-JAWAmm,0.795,2.349985937831484,0.5
6,wine,IF1-jackknife,0.7,1.787325382842588,1.0
6,wine,IF1-jackknife-mm,0.755,1.9706750899176937,1.0
6,wine,IF1-jackknife+,0.7,1.7885195800869935,1.0
6,wine,IF1-JAWA,0.7,1.8049619582717389,1.0
6,wine,IF1-JAWAmm,0.755,1.9584428563470557,1.0
6,wine,IF2-jackknife,0.76,2.0854627128556373,1.0
6,wine,IF2-jackknife-mm,0.82,2.349233575294205,1.0
6,wine,IF2-jackknife+,0.76,2.0858243255569437,1.0
6,wine,IF2-JAWA,0.77,2.0993651237635538,1.0
6,wine,IF2-JAWAmm,0.81,2.334063794664519,1.0
6,wine,IF3-jackknife,0.79,2.194320667007079,1.0
6,wine,IF3-jackknife-mm,0.835,2.493948560264493,1.0
6,wine,IF3-jackknife+,0.79,2.204804836781502,1.0
6,wine,IF3-JAWA,0.79,2.217737563594955,1.0
6,wine,IF3-JAWAmm,0.83,2.4782417722808363,1.0
6,wine,IF1-jackknife,0.78,2.0630055284572597,2.0
6,wine,IF1-jackknife-mm,0.815,2.249751529235515,2.0
6,wine,IF1-jackknife+,0.78,2.0615895978415493,2.0
6,wine,IF1-JAWA,0.785,2.0709583900682045,2.0
6,wine,IF1-JAWAmm,0.805,2.2181097741774893,2.0
6,wine,IF2-jackknife,0.805,2.2664507923624413,2.0
6,wine,IF2-jackknife-mm,0.85,2.516071299416505,2.0
6,wine,IF2-jackknife+,0.8,2.246098135281323,2.0
6,wine,IF2-JAWA,0.8,2.260492754719163,2.0
6,wine,IF2-JAWAmm,0.845,2.4824002757306918,2.0
6,wine,IF3-jackknife,0.81,2.3240947588332026,2.0
6,wine,IF3-jackknife-mm,0.865,2.5985869982929555,2.0
6,wine,IF3-jackknife+,0.805,2.328288916393752,2.0
6,wine,IF3-JAWA,0.81,2.3382293863700827,2.0
6,wine,IF3-JAWAmm,0.865,2.596189912085788,2.0
6,wine,IF1-jackknife,0.84,2.3924676665834586,4.0
6,wine,IF1-jackknife-mm,0.87,2.552146392050454,4.0
6,wine,IF1-jackknife+,0.84,2.3690130213073948,4.0
6,wine,IF1-JAWA,0.845,2.3924676665834586,4.0
6,wine,IF1-JAWAmm,0.85,2.4021865428681277,4.0
6,wine,IF2-jackknife,0.855,2.472750343942875,4.0
6,wine,IF2-jackknife-mm,0.875,2.6755862166868587,4.0
6,wine,IF2-jackknife+,0.85,2.4401668912074355,4.0
6,wine,IF2-JAWA,0.855,2.4662122133077484,4.0
6,wine,IF2-JAWAmm,0.875,2.602832982493381,4.0
6,wine,IF3-jackknife,0.84,2.4010346727520204,4.0
6,wine,IF3-jackknife-mm,0.935,3.6181324420099026,4.0
6,wine,IF3-jackknife+,0.845,2.4010346727520204,4.0
6,wine,IF3-JAWA,0.85,2.42229282786936,4.0
6,wine,IF3-JAWAmm,0.93,3.574305469112634,4.0
6,wine,IF1-jackknife,0.93,2.812207690877662,8.0
6,wine,IF1-jackknife-mm,0.94,2.9349003914505998,8.0
6,wine,IF1-jackknife+,0.92,2.778046390256355,8.0
6,wine,IF1-JAWA,0.925,2.7918515574658844,8.0
6,wine,IF1-JAWAmm,0.935,2.8576365337101217,8.0
6,wine,IF2-jackknife,0.93,2.8208907052314185,8.0
6,wine,IF2-jackknife-mm,0.96,3.3712459141185582,8.0
6,wine,IF2-jackknife+,0.925,2.779038198140868,8.0
6,wine,IF2-JAWA,0.925,2.800059167340964,8.0
6,wine,IF2-JAWAmm,0.955,3.3047401501022384,8.0
6,wine,IF3-jackknife,0.92,2.7540945646544666,8.0
6,wine,IF3-jackknife-mm,0.965,9.383226672815304,8.0
6,wine,IF3-jackknife+,0.915,2.730727751671578,8.0
6,wine,IF3-JAWA,0.92,2.754728959607755,8.0
6,wine,IF3-JAWAmm,0.96,9.272247413617547,8.0
6,wine,IF1-jackknife,0.92,2.8608831372901613,16.0
6,wine,IF1-jackknife-mm,0.925,2.9712527732468326,16.0
6,wine,IF1-jackknife+,0.92,2.8413270085561306,16.0
6,wine,IF1-JAWA,0.92,2.8668193710474004,16.0
6,wine,IF1-JAWAmm,0.92,2.816421473871032,16.0
6,wine,IF2-jackknife,0.92,2.857313528125018,16.0
6,wine,IF2-jackknife-mm,0.965,4.115100630596704,16.0
6,wine,IF2-jackknife+,0.92,2.857313528125018,16.0
6,wine,IF2-JAWA,0.92,2.8793236668246207,16.0
6,wine,IF2-JAWAmm,0.965,3.971233661185713,16.0
6,wine,IF3-jackknife,0.925,2.934353539624862,16.0
6,wine,IF3-jackknife-mm,0.965,25.074160266431072,16.0
6,wine,IF3-jackknife+,0.92,2.8676607925260607,16.0
6,wine,IF3-JAWA,0.925,2.8968164080378855,16.0
6,wine,IF3-JAWAmm,0.965,24.985205527827034,16.0
6,wine,IF1-jackknife,0.915,2.79389435281211,32.0
6,wine,IF1-jackknife-mm,0.915,2.8794998275861845,32.0
6,wine,IF1-jackknife+,0.915,2.79389435281211,32.0
6,wine,IF1-JAWA,0.915,2.826456028294009,32.0
6,wine,IF1-JAWAmm,0.915,2.8501381113797333,32.0
6,wine,IF2-jackknife,0.915,2.796251732897476,32.0
6,wine,IF2-jackknife-mm,0.92,2.890472619453499,32.0
6,wine,IF2-jackknife+,0.915,2.796251732897476,32.0
6,wine,IF2-JAWA,0.915,2.8321246544781804,32.0
6,wine,IF2-JAWAmm,0.92,2.8631794815627383,32.0
6,wine,IF3-jackknife,0.915,2.796329861174465,32.0
6,wine,IF3-jackknife-mm,0.92,2.892283513310969,32.0
6,wine,IF3-jackknife+,0.915,2.796329861174465,32.0
6,wine,IF3-JAWA,0.915,2.8323142075112746,32.0
6,wine,IF3-JAWAmm,0.92,2.86508599977916,32.0
6,wine,IF1-jackknife,0.905,2.8485688375774636,64.0
6,wine,IF1-jackknife-mm,0.915,2.914378531116278,64.0
6,wine,IF1-jackknife+,0.905,2.8489842164253014,64.0
6,wine,IF1-JAWA,0.905,2.903971902682617,64.0
6,wine,IF1-JAWAmm,0.915,2.884965361174568,64.0
6,wine,IF2-jackknife,0.905,2.852839215464793,64.0
6,wine,IF2-jackknife-mm,0.92,2.922429449737759,64.0
6,wine,IF2-jackknife+,0.91,2.855095314164374,64.0
6,wine,IF2-JAWA,0.91,2.9087771654798633,64.0
6,wine,IF2-JAWAmm,0.915,2.8907027994442207,64.0
6,wine,IF3-jackknife,0.905,2.8529134983733737,64.0
6,wine,IF3-jackknife-mm,0.92,2.923046181328921,64.0
6,wine,IF3-jackknife+,0.91,2.8551215820975333,64.0
6,wine,IF3-JAWA,0.91,2.9087425678007994,64.0
6,wine,IF3-JAWAmm,0.915,2.891131617579471,64.0
6,wine,IF1-jackknife,0.92,3.124803313680539,96.0
6,wine,IF1-jackknife-mm,0.93,3.170550111639543,96.0
6,wine,IF1-jackknife+,0.92,3.124803313680539,96.0
6,wine,IF1-JAWA,0.92,3.133845578833832,96.0
6,wine,IF1-JAWAmm,0.92,3.1380817360988504,96.0
6,wine,IF2-jackknife,0.92,3.1247585449597914,96.0
6,wine,IF2-jackknife-mm,0.93,3.1703372650342705,96.0
6,wine,IF2-jackknife+,0.92,3.1247585449597914,96.0
6,wine,IF2-JAWA,0.92,3.133854764586231,96.0
6,wine,IF2-JAWAmm,0.925,3.1377355545721297,96.0
6,wine,IF3-jackknife,0.92,3.124737358908478,96.0
6,wine,IF3-jackknife-mm,0.93,3.170304242570367,96.0
6,wine,IF3-jackknife+,0.92,3.124737358908478,96.0
6,wine,IF3-JAWA,0.92,3.1338321935746305,96.0
6,wine,IF3-JAWAmm,0.925,3.1376401499820883,96.0
6,wine,IF1-jackknife,0.95,3.2286517373591157,128.0
6,wine,IF1-jackknife-mm,0.95,3.257990255172298,128.0
6,wine,IF1-jackknife+,0.915,3.2286517373591157,128.0
6,wine,IF1-JAWA,0.915,3.228651737387848,128.0
6,wine,IF1-JAWAmm,0.95,3.2579902549394397,128.0
6,wine,IF2-jackknife,0.95,3.2287315735028104,128.0
6,wine,IF2-jackknife-mm,0.95,3.2582163449721984,128.0
6,wine,IF2-jackknife+,0.915,3.2287315735028104,128.0
6,wine,IF2-JAWA,0.915,3.2287315735347772,128.0
6,wine,IF2-JAWAmm,0.95,3.2582163447041785,128.0
6,wine,IF3-jackknife,0.95,3.228731971496469,128.0
6,wine,IF3-jackknife-mm,0.95,3.2582174721593344,128.0
6,wine,IF3-jackknife+,0.915,3.228731971496469,128.0
6,wine,IF3-JAWA,0.915,3.22873197152928,128.0
6,wine,IF3-JAWAmm,0.95,3.2582174719011228,128.0
7,wine,IF1-jackknife,0.7,1.6702190939099533,0.5
7,wine,IF1-jackknife-mm,0.745,1.8772660814489368,0.5
7,wine,IF1-jackknife+,0.7,1.664214628539343,0.5
7,wine,IF1-JAWA,0.705,1.6749398527335713,0.5
7,wine,IF1-JAWAmm,0.735,1.8457856162010386,0.5
7,wine,IF2-jackknife,0.745,1.8964410411507358,0.5
7,wine,IF2-jackknife-mm,0.785,2.2019704759184147,0.5
7,wine,IF2-jackknife+,0.735,1.8964410411507355,0.5
7,wine,IF2-JAWA,0.745,1.9183992942689212,0.5
7,wine,IF2-JAWAmm,0.76,2.055762350933045,0.5
7,wine,IF3-jackknife,0.755,1.9924442488351701,0.5
7,wine,IF3-jackknife-mm,0.835,2.349857364019936,0.5
7,wine,IF3-jackknife+,0.745,1.9793016127187855,0.5
7,wine,IF3-JAWA,0.745,2.003329066516578,0.5
7,wine,IF3-JAWAmm,0.795,2.23352373096653,0.5
7,wine,IF1-jackknife,0.7,1.630849572469443,1.0
7,wine,IF1-jackknife-mm,0.75,1.7994894730342796,1.0
7,wine,IF1-jackknife+,0.69,1.6261417305828134,1.0
7,wine,IF1-JAWA,0.7,1.636072621669534,1.0
7,wine,IF1-JAWAmm,0.725,1.7300219751875046,1.0
7,wine,IF2-jackknife,0.735,1.775397527063892,1.0
7,wine,IF2-jackknife-mm,0.8,2.031297658683901,1.0
7,wine,IF2-jackknife+,0.74,1.775397527063892,1.0
7,wine,IF2-JAWA,0.745,1.7861361840930532,1.0
7,wine,IF2-JAWAmm,0.8,2.0002949829470866,1.0
7,wine,IF3-jackknife,0.765,1.8187213051681124,1.0
7,wine,IF3-jackknife-mm,0.845,2.377991357162455,1.0
7,wine,IF3-jackknife+,0.76,1.8328824660607697,1.0
7,wine,IF3-JAWA,0.76,1.8444281865672556,1.0
7,wine,IF3-JAWAmm,0.845,2.3496624267631425,1.0
7,wine,IF1-jackknife,0.755,1.8247728561931114,2.0
7,wine,IF1-jackknife-mm,0.805,1.9844466648168828,2.0
7,wine,IF1-jackknife+,0.76,1.8307955775891362,2.0
7,wine,IF1-JAWA,0.76,1.845306932070275,2.0
7,wine,IF1-JAWAmm,0.805,1.9788447223862877,2.0
7,wine,IF2-jackknife,0.825,2.027248665314141,2.0
7,wine,IF2-jackknife-mm,0.855,2.245303487268634,2.0
7,wine,IF2-jackknife+,0.81,2.019661655871787,2.0
7,wine,IF2-JAWA,0.81,2.0334634141664445,2.0
7,wine,IF2-JAWAmm,0.835,2.1087508879150043,2.0
7,wine,IF3-jackknife,0.85,2.1932469713776186,2.0
7,wine,IF3-jackknife-mm,0.92,3.565590373814908,2.0
7,wine,IF3-jackknife+,0.84,2.1798705904056392,2.0
7,wine,IF3-JAWA,0.84,2.1977237471340905,2.0
7,wine,IF3-JAWAmm,0.92,3.5492712161473623,2.0
7,wine,IF1-jackknife,0.86,2.264713915705187,4.0
7,wine,IF1-jackknife-mm,0.88,2.4418376341869523,4.0
7,wine,IF1-jackknife+,0.865,2.270637032405467,4.0
7,wine,IF1-JAWA,0.865,2.2928606722644114,4.0
7,wine,IF1-JAWAmm,0.875,2.393570234495499,4.0
7,wine,IF2-jackknife,0.865,2.3125059072969383,4.0
7,wine,IF2-jackknife-mm,0.905,2.536340524562676,4.0
7,wine,IF2-jackknife+,0.87,2.3410713923306607,4.0
7,wine,IF2-JAWA,0.87,2.361004218709112,4.0
7,wine,IF2-JAWAmm,0.905,2.5361880192319726,4.0
7,wine,IF3-jackknife,0.865,2.337729633132633,4.0
7,wine,IF3-jackknife-mm,0.93,2.7022657220189994,4.0
7,wine,IF3-jackknife+,0.875,2.3800398180451974,4.0
7,wine,IF3-JAWA,0.885,2.4123269318952385,4.0
7,wine,IF3-JAWAmm,0.93,2.682930940473112,4.0
7,wine,IF1-jackknife,0.915,2.5686799055554337,8.0
7,wine,IF1-jackknife-mm,0.92,2.686054564785908,8.0
7,wine,IF1-jackknife+,0.915,2.5854536519764153,8.0
7,wine,IF1-JAWA,0.915,2.603674384482454,8.0
7,wine,IF1-JAWAmm,0.92,2.6807726606311917,8.0
7,wine,IF2-jackknife,0.915,2.605776922503243,8.0
7,wine,IF2-jackknife-mm,0.925,2.7454618845581797,8.0
7,wine,IF2-jackknife+,0.915,2.6156911017040043,8.0
7,wine,IF2-JAWA,0.915,2.6366765419025118,8.0
7,wine,IF2-JAWAmm,0.925,2.7242304968028495,8.0
7,wine,IF3-jackknife,0.92,2.654808672584756,8.0
7,wine,IF3-jackknife-mm,0.93,2.920859244408231,8.0
7,wine,IF3-jackknife+,0.915,2.654808672584756,8.0
7,wine,IF3-JAWA,0.915,2.6703065436936906,8.0
7,wine,IF3-JAWAmm,0.93,2.879983600152403,8.0
7,wine,IF1-jackknife,0.905,2.6482156230076184,16.0
7,wine,IF1-jackknife-mm,0.91,2.733174002486339,16.0
7,wine,IF1-jackknife+,0.91,2.6493844138133467,16.0
7,wine,IF1-JAWA,0.91,2.663467150252281,16.0
7,wine,IF1-JAWAmm,0.91,2.7233028590818167,16.0
7,wine,IF2-jackknife,0.91,2.6520114376800272,16.0
7,wine,IF2-jackknife-mm,0.91,2.751420304333476,16.0
7,wine,IF2-jackknife+,0.91,2.6547970211777665,16.0
7,wine,IF2-JAWA,0.91,2.6701784923288594,16.0
7,wine,IF2-JAWAmm,0.91,2.7403627811993987,16.0
7,wine,IF3-jackknife,0.91,2.6521241966144338,16.0
7,wine,IF3-jackknife-mm,0.91,2.760079262445104,16.0
7,wine,IF3-jackknife+,0.91,2.6561551005412554,16.0
7,wine,IF3-JAWA,0.91,2.671881019232564,16.0
7,wine,IF3-JAWAmm,0.91,2.7488356920853043,16.0
7,wine,IF1-jackknife,0.885,2.4996685067350595,32.0
7,wine,IF1-jackknife-mm,0.9,2.584432568484278,32.0
7,wine,IF1-jackknife+,0.885,2.4996728270270863,32.0
7,wine,IF1-JAWA,0.885,2.50996201662443,32.0
7,wine,IF1-JAWAmm,0.9,2.570074716441511,32.0
7,wine,IF2-jackknife,0.885,2.503734218565709,32.0
7,wine,IF2-jackknife-mm,0.9,2.6022452804494343,32.0
7,wine,IF2-jackknife+,0.885,2.504691457236291,32.0
7,wine,IF2-JAWA,0.885,2.5157236826101848,32.0
7,wine,IF2-JAWAmm,0.9,2.588919662500442,32.0
7,wine,IF3-jackknife,0.885,2.503890073170152,32.0
7,wine,IF3-jackknife-mm,0.9,2.604970714617494,32.0
7,wine,IF3-jackknife+,0.885,2.5048526906397113,32.0
7,wine,IF3-JAWA,0.885,2.516159799168654,32.0
7,wine,IF3-JAWAmm,0.9,2.591709947907849,32.0
7,wine,IF1-jackknife,0.88,2.5818189090653663,64.0
7,wine,IF1-jackknife-mm,0.89,2.64819082322086,64.0
7,wine,IF1-jackknife+,0.88,2.5818189090653663,64.0
7,wine,IF1-JAWA,0.88,2.5882476810424926,64.0
7,wine,IF1-JAWAmm,0.88,2.552812273131691,64.0
7,wine,IF2-jackknife,0.88,2.583447441850602,64.0
7,wine,IF2-jackknife-mm,0.89,2.6556086095627793,64.0
7,wine,IF2-jackknife+,0.88,2.583447441850602,64.0
7,wine,IF2-JAWA,0.88,2.589724953865478,64.0
7,wine,IF2-JAWAmm,0.88,2.5595429665007843,64.0
7,wine,IF3-jackknife,0.88,2.5834641830405114,64.0
7,wine,IF3-jackknife-mm,0.89,2.6559387474217298,64.0
7,wine,IF3-jackknife+,0.88,2.5834641830405114,64.0
7,wine,IF3-JAWA,0.88,2.5897360319412535,64.0
7,wine,IF3-JAWAmm,0.88,2.559868382895268,64.0
7,wine,IF1-jackknife,0.88,2.922410127638749,96.0
7,wine,IF1-jackknife-mm,0.885,2.974298884353095,96.0
7,wine,IF1-jackknife+,0.87,2.922410127638749,96.0
7,wine,IF1-JAWA,0.87,2.9431998869154734,96.0
7,wine,IF1-JAWAmm,0.88,2.9520192241475107,96.0
7,wine,IF2-jackknife,0.88,2.923234000669318,96.0
7,wine,IF2-jackknife-mm,0.885,2.9781787163294693,96.0
7,wine,IF2-jackknife+,0.87,2.923234000669318,96.0
7,wine,IF2-JAWA,0.87,2.943940911677177,96.0
7,wine,IF2-JAWAmm,0.88,2.9560374463039523,96.0
7,wine,IF3-jackknife,0.88,2.923227192675612,96.0
7,wine,IF3-jackknife-mm,0.885,2.977598026931579,96.0
7,wine,IF3-jackknife+,0.87,2.923227192675612,96.0
7,wine,IF3-JAWA,0.87,2.943916567585341,96.0
7,wine,IF3-JAWAmm,0.88,2.9554236827505456,96.0
7,wine,IF1-jackknife,0.95,3.27872563978935,128.0
7,wine,IF1-jackknife-mm,0.95,3.3096677577402964,128.0
7,wine,IF1-jackknife+,0.89,3.2787276390621454,128.0
7,wine,IF1-JAWA,0.89,3.278728530851725,128.0
7,wine,IF1-JAWAmm,0.95,3.309664986319193,128.0
7,wine,IF2-jackknife,0.95,3.2785440946387916,128.0
7,wine,IF2-jackknife-mm,0.95,3.311544910463895,128.0
7,wine,IF2-jackknife+,0.87,3.2785440946387916,128.0
7,wine,IF2-JAWA,0.87,3.278560804055633,128.0
7,wine,IF2-JAWAmm,0.95,3.311501425178733,128.0
7,wine,IF3-jackknife,0.95,3.278785748211409,128.0
7,wine,IF3-jackknife-mm,0.95,3.31939267755019,128.0
7,wine,IF3-jackknife+,0.88,3.278787036280573,128.0
7,wine,IF3-JAWA,0.88,3.2787910351234997,128.0
7,wine,IF3-JAWAmm,0.95,3.3193852540869004,128.0
8,wine,IF1-jackknife,0.665,1.7106839877059932,0.5
8,wine,IF1-jackknife-mm,0.7,1.9080287866839174,0.5
8,wine,IF1-jackknife+,0.665,1.7068307203336937,0.5
8,wine,IF1-JAWA,0.665,1.7155976507396244,0.5
8,wine,IF1-JAWAmm,0.695,1.8740155971126993,0.5
8,wine,IF2-jackknife,0.705,1.9274366905833507,0.5
8,wine,IF2-jackknife-mm,0.735,2.213869163911995,0.5
8,wine,IF2-jackknife+,0.705,1.9393883728972041,0.5
8,wine,IF2-JAWA,0.71,1.9569565720419608,0.5
8,wine,IF2-JAWAmm,0.735,2.1816551700730438,0.5
8,wine,IF3-jackknife,0.72,2.026340581082077,0.5
8,wine,IF3-jackknife-mm,0.78,2.3744646630809005,0.5
8,wine,IF3-jackknife+,0.715,2.0664116617537003,0.5
8,wine,IF3-JAWA,0.725,2.081939750676054,0.5
8,wine,IF3-JAWAmm,0.775,2.3617872799373,0.5
8,wine,IF1-jackknife,0.635,1.6743546240090295,1.0
8,wine,IF1-jackknife-mm,0.69,1.842048891886169,1.0
8,wine,IF1-jackknife+,0.65,1.6743546240090295,1.0
8,wine,IF1-JAWA,0.65,1.687216898085193,1.0
8,wine,IF1-JAWAmm,0.68,1.8129812128807852,1.0
8,wine,IF2-jackknife,0.695,1.8557328630883063,1.0
8,wine,IF2-jackknife-mm,0.745,2.0874662648848554,1.0
8,wine,IF2-jackknife+,0.695,1.862430924995591,1.0
8,wine,IF2-JAWA,0.695,1.8750046899060964,1.0
8,wine,IF2-JAWAmm,0.745,2.0741904780821985,1.0
8,wine,IF3-jackknife,0.72,1.974646997625918,1.0
8,wine,IF3-jackknife-mm,0.775,2.257085021775416,1.0
8,wine,IF3-jackknife+,0.72,1.9695114906700324,1.0
8,wine,IF3-JAWA,0.725,1.9780883743294604,1.0
8,wine,IF3-JAWAmm,0.775,2.2528892320232106,1.0
8,wine,IF1-jackknife,0.695,1.7206522518763019,2.0
8,wine,IF1-jackknife-mm,0.76,1.8761510111586657,2.0
8,wine,IF1-jackknife+,0.695,1.7206522518763019,2.0
8,wine,IF1-JAWA,0.71,1.7325078712028725,2.0
8,wine,IF1-JAWAmm,0.74,1.8204425403662836,2.0
8,wine,IF2-jackknife,0.735,1.8335932198938751,2.0
8,wine,IF2-jackknife-mm,0.775,2.029873049475291,2.0
8,wine,IF2-jackknife+,0.73,1.8297841395190666,2.0
8,wine,IF2-JAWA,0.73,1.8380585149959554,2.0
8,wine,IF2-JAWAmm,0.765,1.9626140497856959,2.0
8,wine,IF3-jackknife,0.74,1.894886344305481,2.0
8,wine,IF3-jackknife-mm,0.79,2.112296202619451,2.0
8,wine,IF3-jackknife+,0.74,1.8990858015735994,2.0
8,wine,IF3-JAWA,0.745,1.9105950971804486,2.0
8,wine,IF3-JAWAmm,0.79,2.0876446453947555,2.0
8,wine,IF1-jackknife,0.845,2.1667498762151043,4.0
8,wine,IF1-jackknife-mm,0.87,2.305978592512133,4.0
8,wine,IF1-jackknife+,0.85,2.1564602118730107,4.0
8,wine,IF1-JAWA,0.85,2.1684498422243412,4.0
8,wine,IF1-JAWAmm,0.865,2.2305998953402115,4.0
8,wine,IF2-jackknife,0.855,2.315018997209884,4.0
8,wine,IF2-jackknife-mm,0.895,2.474618907906766,4.0
8,wine,IF2-jackknife+,0.855,2.2980215065055765,4.0
8,wine,IF2-JAWA,0.855,2.3101610637925587,4.0
8,wine,IF2-JAWAmm,0.88,2.4091299383104765,4.0
8,wine,IF3-jackknife,0.86,2.338980532922393,4.0
8,wine,IF3-jackknife-mm,0.895,2.5060483822997965,4.0
8,wine,IF3-jackknife+,0.855,2.3235339246085047,4.0
8,wine,IF3-JAWA,0.87,2.338980532922393,4.0
8,wine,IF3-JAWAmm,0.89,2.427586231911001,4.0
8,wine,IF1-jackknife,0.88,2.447478939380783,8.0
8,wine,IF1-jackknife-mm,0.9,2.5506123876834637,8.0
8,wine,IF1-jackknife+,0.885,2.447478939380783,8.0
8,wine,IF1-JAWA,0.89,2.468792684689277,8.0
8,wine,IF1-JAWAmm,0.9,2.52308422866025,8.0
8,wine,IF2-jackknife,0.885,2.473253690345674,8.0
8,wine,IF2-jackknife-mm,0.91,2.635834393951145,8.0
8,wine,IF2-jackknife+,0.885,2.467675314952772,8.0
8,wine,IF2-JAWA,0.89,2.4858862409036693,8.0
8,wine,IF2-JAWAmm,0.91,2.5924172266912113,8.0
8,wine,IF3-jackknife,0.87,2.4333289063555164,8.0
8,wine,IF3-jackknife-mm,0.94,3.4906039844029357,8.0
8,wine,IF3-jackknife+,0.875,2.454658619621177,8.0
8,wine,IF3-JAWA,0.875,2.470696013000307,8.0
8,wine,IF3-JAWAmm,0.94,3.4603645162143803,8.0
8,wine,IF1-jackknife,0.9,2.5285129773332997,16.0
8,wine,IF1-jackknife-mm,0.915,2.621652520763976,16.0
8,wine,IF1-jackknife+,0.9,2.5285129773332997,16.0
8,wine,IF1-JAWA,0.905,2.5530245222731294,16.0
8,wine,IF1-JAWAmm,0.91,2.5691564074121356,16.0
8,wine,IF2-jackknife,0.91,2.555768236987536,16.0
8,wine,IF2-jackknife-mm,0.915,2.6572244509721576,16.0
8,wine,IF2-jackknife+,0.9,2.550503802945778,16.0
8,wine,IF2-JAWA,0.91,2.566579114233102,16.0
8,wine,IF2-JAWAmm,0.915,2.5910099079852946,16.0
8,wine,IF3-jackknife,0.91,2.557811575472763,16.0
8,wine,IF3-jackknife-mm,0.92,2.6609926916074595,16.0
8,wine,IF3-jackknife+,0.905,2.551233321762303,16.0
8,wine,IF3-JAWA,0.91,2.5672993018808246,16.0
8,wine,IF3-JAWAmm,0.915,2.593895914654947,16.0
8,wine,IF1-jackknife,0.915,2.521238205814246,32.0
8,wine,IF1-jackknife-mm,0.92,2.6049895166404307,32.0
8,wine,IF1-jackknife+,0.915,2.5284984805569977,32.0
8,wine,IF1-JAWA,0.915,2.551354510708871,32.0
8,wine,IF1-JAWAmm,0.92,2.5854159410346265,32.0
8,wine,IF2-jackknife,0.92,2.549144279871542,32.0
8,wine,IF2-jackknife-mm,0.92,2.641433670604954,32.0
8,wine,IF2-jackknife+,0.915,2.5524376864952205,32.0
8,wine,IF2-JAWA,0.915,2.56937826850013,32.0
8,wine,IF2-JAWAmm,0.92,2.6338116488320935,32.0
8,wine,IF3-jackknife,0.92,2.5519330046442565,32.0
8,wine,IF3-jackknife-mm,0.92,2.6449775411109764,32.0
8,wine,IF3-jackknife+,0.915,2.5549939907655403,32.0
8,wine,IF3-JAWA,0.915,2.571009619475822,32.0
8,wine,IF3-JAWAmm,0.92,2.6399181384799313,32.0
8,wine,IF1-jackknife,0.925,2.746781450342765,64.0
8,wine,IF1-jackknife-mm,0.925,2.8148476624003673,64.0
8,wine,IF1-jackknife+,0.92,2.739606438820462,64.0
8,wine,IF1-JAWA,0.92,2.751382082773102,64.0
8,wine,IF1-JAWAmm,0.925,2.768527110916831,64.0
8,wine,IF2-jackknife,0.925,2.766910201177383,64.0
8,wine,IF2-jackknife-mm,0.93,2.838541819869278,64.0
8,wine,IF2-jackknife+,0.92,2.752990068774134,64.0
8,wine,IF2-JAWA,0.92,2.76538755365665,64.0
8,wine,IF2-JAWAmm,0.925,2.7763097706671145,64.0
8,wine,IF3-jackknife,0.925,2.7679326959676915,64.0
8,wine,IF3-jackknife-mm,0.93,2.8401905001798906,64.0
8,wine,IF3-jackknife+,0.92,2.7544549835094854,64.0
8,wine,IF3-JAWA,0.92,2.766260668547776,64.0
8,wine,IF3-JAWAmm,0.925,2.7877736906687054,64.0
8,wine,IF1-jackknife,0.925,2.940180969893955,96.0
8,wine,IF1-jackknife-mm,0.93,2.9939116736113798,96.0
8,wine,IF1-jackknife+,0.92,2.9314201890420186,96.0
8,wine,IF1-JAWA,0.92,2.936812730118327,96.0
8,wine,IF1-JAWAmm,0.925,2.961392858985416,96.0
8,wine,IF2-jackknife,0.925,2.941280294267061,96.0
8,wine,IF2-jackknife-mm,0.935,2.996820468991129,96.0
8,wine,IF2-jackknife+,0.92,2.933376123959435,96.0
8,wine,IF2-JAWA,0.92,2.938310039186507,96.0
8,wine,IF2-JAWAmm,0.925,2.9635990736156286,96.0
8,wine,IF3-jackknife,0.925,2.9412639362841375,96.0
8,wine,IF3-jackknife-mm,0.935,2.996954792229041,96.0
8,wine,IF3-jackknife+,0.92,2.93336402741725,96.0
8,wine,IF3-JAWA,0.92,2.9382804161527245,96.0
8,wine,IF3-JAWAmm,0.925,2.963734233731012,96.0
8,wine,IF1-jackknife,0.95,3.103930426361711,128.0
8,wine,IF1-jackknife-mm,0.95,3.1362839306356376,128.0
8,wine,IF1-jackknife+,0.92,3.1058815457905142,128.0
8,wine,IF1-JAWA,0.92,3.1060853455316413,128.0
8,wine,IF1-JAWAmm,0.95,3.1362642523626523,128.0
8,wine,IF2-jackknife,0.95,3.105495359064353,128.0
8,wine,IF2-jackknife-mm,0.95,3.138575771663823,128.0
8,wine,IF2-jackknife+,0.92,3.1075704914584206,128.0
8,wine,IF2-JAWA,0.92,3.1076872514999496,128.0
8,wine,IF2-JAWAmm,0.95,3.1385355356095967,128.0
8,wine,IF3-jackknife,0.95,3.1054331956394754,128.0
8,wine,IF3-jackknife-mm,0.95,3.1389345918312612,128.0
8,wine,IF3-jackknife+,0.92,3.1074788983115327,128.0
8,wine,IF3-JAWA,0.92,3.107627213336289,128.0
8,wine,IF3-JAWAmm,0.95,3.1389050584249,128.0
9,wine,IF1-jackknife,0.53,1.3840265913407546,0.5
9,wine,IF1-jackknife-mm,0.57,1.5500506173035498,0.5
9,wine,IF1-jackknife+,0.53,1.3909997498982365,0.5
9,wine,IF1-JAWA,0.53,1.4159159023118542,0.5
9,wine,IF1-JAWAmm,0.565,1.5069160667074626,0.5
9,wine,IF2-jackknife,0.565,1.5882120392463763,0.5
9,wine,IF2-jackknife-mm,0.63,1.8095934111805168,0.5
9,wine,IF2-jackknife+,0.565,1.5909766933026863,0.5
9,wine,IF2-JAWA,0.565,1.6022995880551496,0.5
9,wine,IF2-JAWAmm,0.63,1.8076469093738088,0.5
9,wine,IF3-jackknife,0.6,1.7187605544856157,0.5
9,wine,IF3-jackknife-mm,0.655,1.984142609316084,0.5
9,wine,IF3-jackknife+,0.61,1.6859704425501287,0.5
9,wine,IF3-JAWA,0.61,1.6991738635267193,0.5
9,wine,IF3-JAWAmm,0.65,1.929546215674995,0.5
9,wine,IF1-jackknife,0.58,1.6124056153405681,1.0
9,wine,IF1-jackknife-mm,0.615,1.7762993671804344,1.0
9,wine,IF1-jackknife+,0.58,1.5957656851504094,1.0
9,wine,IF1-JAWA,0.58,1.6108602018339844,1.0
9,wine,IF1-JAWAmm,0.615,1.7457183090741393,1.0
9,wine,IF2-jackknife,0.61,1.773974459774737,1.0
9,wine,IF2-jackknife-mm,0.695,2.0045111024526183,1.0
9,wine,IF2-jackknife+,0.605,1.7749290929428279,1.0
9,wine,IF2-JAWA,0.61,1.7870552339410124,1.0
9,wine,IF2-JAWAmm,0.695,2.0013818242614057,1.0
9,wine,IF3-jackknife,0.62,1.8267835652133582,1.0
9,wine,IF3-jackknife-mm,0.735,2.1386471596687953,1.0
9,wine,IF3-jackknife+,0.635,1.8641089792138956,1.0
9,wine,IF3-JAWA,0.635,1.8767116709542437,1.0
9,wine,IF3-JAWAmm,0.735,2.1323798012148556,1.0
9,wine,IF1-jackknife,0.655,1.7294860691107456,2.0
9,wine,IF1-jackknife-mm,0.725,1.913678382933347,2.0
9,wine,IF1-jackknife+,0.66,1.7428694167110543,2.0
9,wine,IF1-JAWA,0.665,1.7558330900535757,2.0
9,wine,IF1-JAWAmm,0.71,1.8949453098940274,2.0
9,wine,IF2-jackknife,0.715,1.890182890021844,2.0
9,wine,IF2-jackknife-mm,0.765,2.199327893506842,2.0
9,wine,IF2-jackknife+,0.715,1.8921913100937533,2.0
9,wine,IF2-JAWA,0.715,1.9036041140886137,2.0
9,wine,IF2-JAWAmm,0.76,2.1847971958012797,2.0
9,wine,IF3-jackknife,0.72,1.971494319754712,2.0
9,wine,IF3-jackknife-mm,0.865,2.6895156438456587,2.0
9,wine,IF3-jackknife+,0.72,1.9533622747746568,2.0
9,wine,IF3-JAWA,0.72,1.9690882628873037,2.0
9,wine,IF3-JAWAmm,0.845,2.6296282833587044,2.0
9,wine,IF1-jackknife,0.81,2.15581942470483,4.0
9,wine,IF1-jackknife-mm,0.84,2.3451822828867765,4.0
9,wine,IF1-jackknife+,0.805,2.153679384853449,4.0
9,wine,IF1-JAWA,0.805,2.1611996587358573,4.0
9,wine,IF1-JAWAmm,0.84,2.302301924034842,4.0
9,wine,IF2-jackknife,0.815,2.236380055492436,4.0
9,wine,IF2-jackknife-mm,0.86,2.5053824992160365,4.0
9,wine,IF2-jackknife+,0.815,2.236380055492436,4.0
9,wine,IF2-JAWA,0.815,2.249348563002888,4.0
9,wine,IF2-JAWAmm,0.855,2.483352692130911,4.0
9,wine,IF3-jackknife,0.815,2.2647654703820512,4.0
9,wine,IF3-jackknife-mm,0.91,2.8598820640881524,4.0
9,wine,IF3-jackknife+,0.82,2.292547218758503,4.0
9,wine,IF3-JAWA,0.825,2.3128019725250044,4.0
9,wine,IF3-JAWAmm,0.91,2.859323264119305,4.0
9,wine,IF1-jackknife,0.86,2.598476833360932,8.0
9,wine,IF1-jackknife-mm,0.88,2.713791306957154,8.0
9,wine,IF1-jackknife+,0.86,2.590156633720891,8.0
9,wine,IF1-JAWA,0.86,2.602350854265348,8.0
9,wine,IF1-JAWAmm,0.875,2.680874379916981,8.0
9,wine,IF2-jackknife,0.86,2.6200694657202317,8.0
9,wine,IF2-jackknife-mm,0.895,2.8389797867955986,8.0
9,wine,IF2-jackknife+,0.865,2.6222364103237794,8.0
9,wine,IF2-JAWA,0.865,2.6380054335586136,8.0
9,wine,IF2-JAWAmm,0.895,2.829093617487126,8.0
9,wine,IF3-jackknife,0.86,2.621835608862206,8.0
9,wine,IF3-jackknife-mm,0.905,3.604373420080127,8.0
9,wine,IF3-jackknife+,0.86,2.6164880066695604,8.0
9,wine,IF3-JAWA,0.865,2.6277226610618127,8.0
9,wine,IF3-JAWAmm,0.905,3.5392264338996022,8.0
9,wine,IF1-jackknife,0.855,2.598693064444247,16.0
9,wine,IF1-jackknife-mm,0.87,2.685400294031293,16.0
9,wine,IF1-jackknife+,0.855,2.59690270639799,16.0
9,wine,IF1-JAWA,0.855,2.6104087213369933,16.0
9,wine,IF1-JAWAmm,0.865,2.6711921289590097,16.0
9,wine,IF2-jackknife,0.855,2.614350552022073,16.0
9,wine,IF2-jackknife-mm,0.88,2.707056725661551,16.0
9,wine,IF2-jackknife+,0.855,2.605837133575633,16.0
9,wine,IF2-JAWA,0.855,2.617575768132476,16.0
9,wine,IF2-JAWAmm,0.87,2.686484741145241,16.0
9,wine,IF3-jackknife,0.855,2.615329926881342,16.0
9,wine,IF3-jackknife-mm,0.88,2.7083401715931927,16.0
9,wine,IF3-jackknife+,0.855,2.606413551180856,16.0
9,wine,IF3-JAWA,0.855,2.617712891378951,16.0
9,wine,IF3-JAWAmm,0.87,2.6873773766014932,16.0
9,wine,IF1-jackknife,0.865,2.6674475407474065,32.0
9,wine,IF1-jackknife-mm,0.875,2.7459458296499166,32.0
9,wine,IF1-jackknife+,0.865,2.6674475407474065,32.0
9,wine,IF1-JAWA,0.875,2.7089580292926834,32.0
9,wine,IF1-JAWAmm,0.865,2.548504646730777,32.0
9,wine,IF2-jackknife,0.87,2.6715004977492667,32.0
9,wine,IF2-jackknife-mm,0.885,2.754402664098539,32.0
9,wine,IF2-jackknife+,0.865,2.6715004977492667,32.0
9,wine,IF2-JAWA,0.875,2.7137074768702294,32.0
9,wine,IF2-JAWAmm,0.865,2.554159538219983,32.0
9,wine,IF3-jackknife,0.87,2.6716347836440697,32.0
9,wine,IF3-jackknife-mm,0.885,2.7547678044718653,32.0
9,wine,IF3-jackknife+,0.865,2.6716347836440697,32.0
9,wine,IF3-JAWA,0.875,2.7138183062121177,32.0
9,wine,IF3-JAWAmm,0.865,2.554420009661464,32.0
9,wine,IF1-jackknife,0.895,2.85959882320237,64.0
9,wine,IF1-jackknife-mm,0.895,2.9219298526859108,64.0
9,wine,IF1-jackknife+,0.895,2.85959882320237,64.0
9,wine,IF1-JAWA,0.895,2.9433682502581826,64.0
9,wine,IF1-JAWAmm,0.895,2.833248188281107,64.0
9,wine,IF2-jackknife,0.895,2.8605341534339512,64.0
9,wine,IF2-jackknife-mm,0.895,2.926482171333796,64.0
9,wine,IF2-jackknife+,0.895,2.8605341534339512,64.0
9,wine,IF2-JAWA,0.895,2.9449688787826815,64.0
9,wine,IF2-JAWAmm,0.895,2.851019593188774,64.0
9,wine,IF3-jackknife,0.895,2.8605408120402287,64.0
9,wine,IF3-jackknife-mm,0.895,2.9263358969034243,64.0
9,wine,IF3-jackknife+,0.895,2.8605408120402287,64.0
9,wine,IF3-JAWA,0.895,2.9449702256986736,64.0
9,wine,IF3-JAWAmm,0.895,2.851654644966687,64.0
9,wine,IF1-jackknife,0.895,3.235760938625355,96.0
9,wine,IF1-jackknife-mm,0.9,3.285712828987223,96.0
9,wine,IF1-jackknife+,0.895,3.235760938625355,96.0
9,wine,IF1-JAWA,0.895,3.2729896161269574,96.0
9,wine,IF1-JAWAmm,0.895,3.2643998744362848,96.0
9,wine,IF2-jackknife,0.895,3.236399905264832,96.0
9,wine,IF2-jackknife-mm,0.9,3.2876333609981736,96.0
9,wine,IF2-jackknife+,0.895,3.236399905264832,96.0
9,wine,IF2-JAWA,0.895,3.273550085903322,96.0
9,wine,IF2-JAWAmm,0.895,3.268287310622567,96.0
9,wine,IF3-jackknife,0.895,3.236380236526208,96.0
9,wine,IF3-jackknife-mm,0.9,3.287253937226139,96.0
9,wine,IF3-jackknife+,0.895,3.236380236526208,96.0
9,wine,IF3-JAWA,0.895,3.2735239318232923,96.0
9,wine,IF3-JAWAmm,0.895,3.2673964635250705,96.0
9,wine,IF1-jackknife,0.95,3.531791545653084,128.0
9,wine,IF1-jackknife-mm,0.95,3.5578546807891946,128.0
9,wine,IF1-jackknife+,0.9,3.531781587289778,128.0
9,wine,IF1-JAWA,0.9,3.5317855964544176,128.0
9,wine,IF1-JAWAmm,0.95,3.5578534099234673,128.0
9,wine,IF2-jackknife,0.95,3.5318429774204256,128.0
9,wine,IF2-jackknife-mm,0.95,3.558049169724619,128.0
9,wine,IF2-jackknife+,0.895,3.5318429774204256,128.0
9,wine,IF2-JAWA,0.895,3.5318464571477874,128.0
9,wine,IF2-JAWAmm,0.95,3.5580277728594725,128.0
9,wine,IF3-jackknife,0.95,3.5318685187578907,128.0
9,wine,IF3-jackknife-mm,0.95,3.558108471207623,128.0
9,wine,IF3-jackknife+,0.9,3.531864391179094,128.0
9,wine,IF3-JAWA,0.9,3.5318685007724273,128.0
9,wine,IF3-JAWAmm,0.95,3.558108200111275,128.0
